id,year,mp3_filepath
1N9xrikuvAiOrg0VdE9l3V,2003,mp3_files/1N9xrikuvAiOrg0VdE9l3V.mp3
6x53YxdtkR2rGLptZCLgUx,2010,mp3_files/6x53YxdtkR2rGLptZCLgUx.mp3
0UZtknI7pCLAVGtHPLIYXZ,2015,mp3_files/0UZtknI7pCLAVGtHPLIYXZ.mp3
31ECanSn9EhSkftYRfUrUL,1996,mp3_files/31ECanSn9EhSkftYRfUrUL.mp3
5AAysTvbzhqNzWdPx4SUxN,2008,mp3_files/5AAysTvbzhqNzWdPx4SUxN.mp3
08BYSPtCPlCxvx4jJaDqPF,2022,mp3_files/08BYSPtCPlCxvx4jJaDqPF.mp3
1VV9YClgWlPzsyL6GLoAF3,2023,mp3_files/1VV9YClgWlPzsyL6GLoAF3.mp3
1ltGvFacn7TLMERpzoR5J1,1969,mp3_files/1ltGvFacn7TLMERpzoR5J1.mp3
0klbnFP6UwMYpUuKjhleKT,1971,mp3_files/0klbnFP6UwMYpUuKjhleKT.mp3
0Tt2jli0yAD1MKSTb5MvS2,1976,mp3_files/0Tt2jli0yAD1MKSTb5MvS2.mp3
2W3uIX1I9qGOsBLWpEpMch,1988,mp3_files/2W3uIX1I9qGOsBLWpEpMch.mp3
3lwX10MDUwGfSzuwIfQAln,1989,mp3_files/3lwX10MDUwGfSzuwIfQAln.mp3
0NkeiqNkWe9Y4kIPj3uRb6,1995,mp3_files/0NkeiqNkWe9Y4kIPj3uRb6.mp3
2CJo676ISbI4uJDD4Z5FAk,1998,mp3_files/2CJo676ISbI4uJDD4Z5FAk.mp3
6uywFy4dscnQl9RWw8R7Hq,1998,mp3_files/6uywFy4dscnQl9RWw8R7Hq.mp3
0OdPIA7QjJ7TBjkkwKEA0t,2003,mp3_files/0OdPIA7QjJ7TBjkkwKEA0t.mp3
5k3NhWuNprfszujFV7OsbV,2004,mp3_files/5k3NhWuNprfszujFV7OsbV.mp3
4Mgt8k4YgIOAo286r7P0ik,2005,mp3_files/4Mgt8k4YgIOAo286r7P0ik.mp3
3UwMk5oaKTKyWOoO8mLxWQ,2006,mp3_files/3UwMk5oaKTKyWOoO8mLxWQ.mp3
4bsSygJynZCIoU5xje0KQA,2006,mp3_files/4bsSygJynZCIoU5xje0KQA.mp3
56ZVbnCdQLIEUE8RPfRfXb,2006,mp3_files/56ZVbnCdQLIEUE8RPfRfXb.mp3
5DCxMQMmW3UFZUj1QtUvVc,2007,mp3_files/5DCxMQMmW3UFZUj1QtUvVc.mp3
62DBuBtANkrGZUcw3DIcBk,2009,mp3_files/62DBuBtANkrGZUcw3DIcBk.mp3
5gGpdNLKAHaCb3IfqnwGlk,2009,mp3_files/5gGpdNLKAHaCb3IfqnwGlk.mp3
3I8IFBPfP8fSWTpB8DlClm,2009,mp3_files/3I8IFBPfP8fSWTpB8DlClm.mp3
452lQl2ZLqWe0B573PyMXn,2010,mp3_files/452lQl2ZLqWe0B573PyMXn.mp3
2HcNdDRcB8DR3rnb8S8Ad5,2011,mp3_files/2HcNdDRcB8DR3rnb8S8Ad5.mp3
5wigvjECoZm0lJ6wCfydxS,2011,mp3_files/5wigvjECoZm0lJ6wCfydxS.mp3
2s8qyjZUDj3y3og1HyFGpF,2012,mp3_files/2s8qyjZUDj3y3og1HyFGpF.mp3
2lYTrD8Fdn2GT5T2u1MmWB,2012,mp3_files/2lYTrD8Fdn2GT5T2u1MmWB.mp3
4w47YE9rjhmZUdtZjSCb82,2013,mp3_files/4w47YE9rjhmZUdtZjSCb82.mp3
6c1JSASAeQbINB9Bl1T23e,2017,mp3_files/6c1JSASAeQbINB9Bl1T23e.mp3
22BzRwLPzk5sCM63v4x2eb,2017,mp3_files/22BzRwLPzk5sCM63v4x2eb.mp3
1B0U2ctIJHYD3TBUuUkfsY,2017,mp3_files/1B0U2ctIJHYD3TBUuUkfsY.mp3
1ozfWc3Eu7i11NuJEVmmmo,2019,mp3_files/1ozfWc3Eu7i11NuJEVmmmo.mp3
41jr1gfclQzOzHXGi7fyNZ,2019,mp3_files/41jr1gfclQzOzHXGi7fyNZ.mp3
6k1959r55RI6dFPpohNm4x,2021,mp3_files/6k1959r55RI6dFPpohNm4x.mp3
5hquKiRUsOh0079PvO7EJN,2022,mp3_files/5hquKiRUsOh0079PvO7EJN.mp3
3rWbfqDw6lWyMx0vKfBCC1,2022,mp3_files/3rWbfqDw6lWyMx0vKfBCC1.mp3
2TokLv1SDtr5KniIugEj4Z,2022,mp3_files/2TokLv1SDtr5KniIugEj4Z.mp3
22AqCxA8ratERaDPoBmZAO,2022,mp3_files/22AqCxA8ratERaDPoBmZAO.mp3
6L7MFRb2d2TE2dMeTzHxnk,2022,mp3_files/6L7MFRb2d2TE2dMeTzHxnk.mp3
1WfScCLWzpXQGaeTriN7nP,2022,mp3_files/1WfScCLWzpXQGaeTriN7nP.mp3
3hZl28BKv2A0bIUSKPgPOR,2022,mp3_files/3hZl28BKv2A0bIUSKPgPOR.mp3
6VONfYwyPiTSVAkbVHMdBa,2023,mp3_files/6VONfYwyPiTSVAkbVHMdBa.mp3
5zVZSi5mkR8sTl0OwwXM7k,2023,mp3_files/5zVZSi5mkR8sTl0OwwXM7k.mp3
1kMUFlR5ua0wlei8XVS1sH,2023,mp3_files/1kMUFlR5ua0wlei8XVS1sH.mp3
4EPJFerjvNlm9wzrWraknR,2004,mp3_files/4EPJFerjvNlm9wzrWraknR.mp3
0RnMnEHyWtyAdOUfSqouvs,2004,mp3_files/0RnMnEHyWtyAdOUfSqouvs.mp3
0M4bg3q6Cjb1kVIfQJEBUR,2007,mp3_files/0M4bg3q6Cjb1kVIfQJEBUR.mp3
2XS0wInbWqQa1qnbvP0lOw,2008,mp3_files/2XS0wInbWqQa1qnbvP0lOw.mp3
5nd1YmPZduCJkVljfecCms,2010,mp3_files/5nd1YmPZduCJkVljfecCms.mp3
6yjhaOTXuFkz48CBJNmgx8,2016,mp3_files/6yjhaOTXuFkz48CBJNmgx8.mp3
3N18UD3tL8TPKsiUWN9YRR,2016,mp3_files/3N18UD3tL8TPKsiUWN9YRR.mp3
7eqKxh6djiu1NqW6GMjHIJ,2017,mp3_files/7eqKxh6djiu1NqW6GMjHIJ.mp3
1s3XtkdfT3obSCbQVWtvX9,2019,mp3_files/1s3XtkdfT3obSCbQVWtvX9.mp3
71MEWIf4Itr8Pd9OW5Mq7q,2019,mp3_files/71MEWIf4Itr8Pd9OW5Mq7q.mp3
57MAe7zvx8ZncIvPIjJttd,2023,mp3_files/57MAe7zvx8ZncIvPIjJttd.mp3
5MmsdtmGXmqJV2GDEA8aPL,2023,mp3_files/5MmsdtmGXmqJV2GDEA8aPL.mp3
3HiPDGrE4Bys0Xy4m82wQ1,1972,mp3_files/3HiPDGrE4Bys0Xy4m82wQ1.mp3
6ri4yWOtcfGpTcigL2YeBe,1993,mp3_files/6ri4yWOtcfGpTcigL2YeBe.mp3
2tK2zyeckIbbjNfUCpkcSV,1995,mp3_files/2tK2zyeckIbbjNfUCpkcSV.mp3
7njnsewQzFssYI6F1RGwhn,1998,mp3_files/7njnsewQzFssYI6F1RGwhn.mp3
02Lb9asWxa7wlsSTngHJbc,1998,mp3_files/02Lb9asWxa7wlsSTngHJbc.mp3
6URw0a1glxSw4mgjdyKIYU,1998,mp3_files/6URw0a1glxSw4mgjdyKIYU.mp3
2ngQWInvmJS2BieyK0l5Dg,2000,mp3_files/2ngQWInvmJS2BieyK0l5Dg.mp3
1m7htVVr4KWsP98b7jG6Mx,2001,mp3_files/1m7htVVr4KWsP98b7jG6Mx.mp3
05KkaJY8tDurd6XjNJwvjc,2001,mp3_files/05KkaJY8tDurd6XjNJwvjc.mp3
196fYCjVMKAQb8uwOWxpUo,2004,mp3_files/196fYCjVMKAQb8uwOWxpUo.mp3
1jO4l4FhDK46ccYxBlSf4h,2004,mp3_files/1jO4l4FhDK46ccYxBlSf4h.mp3
6Fo0iSM2LaVTCLS3WkTXgz,2005,mp3_files/6Fo0iSM2LaVTCLS3WkTXgz.mp3
0EHlwoRbct3xjYC6yk4Z3h,2005,mp3_files/0EHlwoRbct3xjYC6yk4Z3h.mp3
5KFjrH6dCOhXHiRmg4IRLc,2005,mp3_files/5KFjrH6dCOhXHiRmg4IRLc.mp3
27V58Ud7WGXc0mxpXqbXtH,2007,mp3_files/27V58Ud7WGXc0mxpXqbXtH.mp3
7kqqctJtkRF5ipOEFsIeZx,2012,mp3_files/7kqqctJtkRF5ipOEFsIeZx.mp3
2EifYrFVMyUrNCOz1esOVx,2013,mp3_files/2EifYrFVMyUrNCOz1esOVx.mp3
7HPGkgxL0E4Ql6fD7a36DY,2018,mp3_files/7HPGkgxL0E4Ql6fD7a36DY.mp3
4UPNrU3SCxNxa4qXcM3oOs,2018,mp3_files/4UPNrU3SCxNxa4qXcM3oOs.mp3
72RNGuGXnvNhVrxi6OgjBz,2019,mp3_files/72RNGuGXnvNhVrxi6OgjBz.mp3
29IxKD6j2B9TOBOSrtkv6Y,2019,mp3_files/29IxKD6j2B9TOBOSrtkv6Y.mp3
3lv2AEpXas2CfZM3zC2Gru,2019,mp3_files/3lv2AEpXas2CfZM3zC2Gru.mp3
3F7q6uf0l6mBj25Omametd,2020,mp3_files/3F7q6uf0l6mBj25Omametd.mp3
717QGTmZdkemDaCo1vQHG0,2020,mp3_files/717QGTmZdkemDaCo1vQHG0.mp3
24o720A8MCkwTWWytpMZld,2021,mp3_files/24o720A8MCkwTWWytpMZld.mp3
3IvVdacGdsU7PGQT1HMjnS,2022,mp3_files/3IvVdacGdsU7PGQT1HMjnS.mp3
7sdZKPknXlYF0JWazkQd4L,2022,mp3_files/7sdZKPknXlYF0JWazkQd4L.mp3
72jVFBk85cxuQyjzUbGbwn,2022,mp3_files/72jVFBk85cxuQyjzUbGbwn.mp3
1dBsbSQlzdEAbSehMB6bD9,2023,mp3_files/1dBsbSQlzdEAbSehMB6bD9.mp3
6Y9HP2CDrCISKcvAqY0fBo,2023,mp3_files/6Y9HP2CDrCISKcvAqY0fBo.mp3
3PnENN8tnr72OLwbReXuQO,2023,mp3_files/3PnENN8tnr72OLwbReXuQO.mp3
3nbUqqOW1TeQEETHwLz9n7,1998,mp3_files/3nbUqqOW1TeQEETHwLz9n7.mp3
4ngtifrUaclXkXVL2WzaBp,2009,mp3_files/4ngtifrUaclXkXVL2WzaBp.mp3
7dKkv6VSzDoak10meLR3Ia,2010,mp3_files/7dKkv6VSzDoak10meLR3Ia.mp3
1W1fQ84xvzfdMuFLBPy6Jh,2011,mp3_files/1W1fQ84xvzfdMuFLBPy6Jh.mp3
73Dh1k49xHgPCXo9wXvKuW,2014,mp3_files/73Dh1k49xHgPCXo9wXvKuW.mp3
4ySsoq8tlVo3YoxlOgAvzG,2018,mp3_files/4ySsoq8tlVo3YoxlOgAvzG.mp3
7h10VREXjoiHk7YE9QGfgs,2022,mp3_files/7h10VREXjoiHk7YE9QGfgs.mp3
5YVIkQy6fR6vS1Hw4dmXNg,2023,mp3_files/5YVIkQy6fR6vS1Hw4dmXNg.mp3
3xlecaqQ3di6lw7pLGGG89,1978,mp3_files/3xlecaqQ3di6lw7pLGGG89.mp3
496eQC5FPo3dmfNRXPcmps,1980,mp3_files/496eQC5FPo3dmfNRXPcmps.mp3
1zPGduhDQB86IhxmK9uxaR,1997,mp3_files/1zPGduhDQB86IhxmK9uxaR.mp3
5yeE2zpSDyWMVB6DyPFZJr,2005,mp3_files/5yeE2zpSDyWMVB6DyPFZJr.mp3
1E99Xq81wKp1XDbkUn05su,2005,mp3_files/1E99Xq81wKp1XDbkUn05su.mp3
1M09D3Qd5ni7uMufLp1NvJ,2010,mp3_files/1M09D3Qd5ni7uMufLp1NvJ.mp3
1vELwZM3uBYWd8HrtddD4l,2013,mp3_files/1vELwZM3uBYWd8HrtddD4l.mp3
51yjUe42smRbgWvg9i9pFa,2016,mp3_files/51yjUe42smRbgWvg9i9pFa.mp3
5ASacvNO76BB7Dxtp74qqz,2016,mp3_files/5ASacvNO76BB7Dxtp74qqz.mp3
3up1uPuvL5vkfJ6aOeSRtD,2016,mp3_files/3up1uPuvL5vkfJ6aOeSRtD.mp3
2KiHXiqQA2dHiLfeSxtTeP,2017,mp3_files/2KiHXiqQA2dHiLfeSxtTeP.mp3
3svTglU8sAiTvGTTrgWP0R,2017,mp3_files/3svTglU8sAiTvGTTrgWP0R.mp3
3Eid8tDXUjwPDXgWqKR26D,2017,mp3_files/3Eid8tDXUjwPDXgWqKR26D.mp3
5cLDM8q2Uncp7NTXBbNGb3,2019,mp3_files/5cLDM8q2Uncp7NTXBbNGb3.mp3
7sFtLo6hx3wuXRe1cJS5of,2019,mp3_files/7sFtLo6hx3wuXRe1cJS5of.mp3
1AEuzP17oaomsBZX2wX96Q,2019,mp3_files/1AEuzP17oaomsBZX2wX96Q.mp3
2QLfswdAbiQRonvi1Rxlr5,2019,mp3_files/2QLfswdAbiQRonvi1Rxlr5.mp3
76jZg2iv9rtwTDIXFGBUcF,2019,mp3_files/76jZg2iv9rtwTDIXFGBUcF.mp3
24XPMiNLPSki54nAldJiPy,2019,mp3_files/24XPMiNLPSki54nAldJiPy.mp3
2NTZ1nzUqueH7odDcjLq5s,2019,mp3_files/2NTZ1nzUqueH7odDcjLq5s.mp3
7FZoYJcmCB22N0lAg52nZG,2020,mp3_files/7FZoYJcmCB22N0lAg52nZG.mp3
6sbeMTdnXolT6YZwfSsVbu,2020,mp3_files/6sbeMTdnXolT6YZwfSsVbu.mp3
1lQAG1xVrSifqAo01DXZ8k,2020,mp3_files/1lQAG1xVrSifqAo01DXZ8k.mp3
2LvxSa5vVqjWyuCT8N2LNe,2021,mp3_files/2LvxSa5vVqjWyuCT8N2LNe.mp3
5pzVCQgroMo8JWwhjyU0jk,2021,mp3_files/5pzVCQgroMo8JWwhjyU0jk.mp3
5BkbrF1KA0Y6Y0B5M1N57v,2022,mp3_files/5BkbrF1KA0Y6Y0B5M1N57v.mp3
7s4GRmNA0mthagT7jzzjUs,2022,mp3_files/7s4GRmNA0mthagT7jzzjUs.mp3
3Ms9T6OzaOBmAon5vmD5HY,2022,mp3_files/3Ms9T6OzaOBmAon5vmD5HY.mp3
7s62Necl0GmbImFekn4AmI,2022,mp3_files/7s62Necl0GmbImFekn4AmI.mp3
4ZdGZ117LChGqalDJ9O3Un,2023,mp3_files/4ZdGZ117LChGqalDJ9O3Un.mp3
0H4R39CgfUO93y2UcQZR6b,2023,mp3_files/0H4R39CgfUO93y2UcQZR6b.mp3
78Q7kxeHrk1Qnh5fCSzi5l,1998,mp3_files/78Q7kxeHrk1Qnh5fCSzi5l.mp3
5y5mJLGym2sSuuZbTf2saN,2000,mp3_files/5y5mJLGym2sSuuZbTf2saN.mp3
7xwWj1c8EgNPS8ez6xmOjd,2000,mp3_files/7xwWj1c8EgNPS8ez6xmOjd.mp3
54B05cOuy6NpnZPx9KVfdh,2002,mp3_files/54B05cOuy6NpnZPx9KVfdh.mp3
7lO7qbUIy6E1FNJxkh1ft2,2002,mp3_files/7lO7qbUIy6E1FNJxkh1ft2.mp3
0xzotNNUxCfkyPvJfvIZyQ,2003,mp3_files/0xzotNNUxCfkyPvJfvIZyQ.mp3
7B7IOtm4LbaAvx35ilMWwm,2016,mp3_files/7B7IOtm4LbaAvx35ilMWwm.mp3
6rjmZGSqX6KIfuOmDRpzIl,2017,mp3_files/6rjmZGSqX6KIfuOmDRpzIl.mp3
1wQdNXLp8XhQ0p0uG5ZRDD,2017,mp3_files/1wQdNXLp8XhQ0p0uG5ZRDD.mp3
0l2ACXP9Hqr5tbxYmkrykl,2018,mp3_files/0l2ACXP9Hqr5tbxYmkrykl.mp3
7cMHgQuuRw6KsHgSE8qVqm,2018,mp3_files/7cMHgQuuRw6KsHgSE8qVqm.mp3
7F4yovnXyQ4WUrCLHiyyK7,2018,mp3_files/7F4yovnXyQ4WUrCLHiyyK7.mp3
6l7PqWKsgm4NLomOE7Veou,2018,mp3_files/6l7PqWKsgm4NLomOE7Veou.mp3
6AxObuQjAs6rPWyWIoZROV,2019,mp3_files/6AxObuQjAs6rPWyWIoZROV.mp3
1H4PZ70sJdx2pJjr5ZgCBF,2020,mp3_files/1H4PZ70sJdx2pJjr5ZgCBF.mp3
3HypZVKMnSXTww4VbAoyQK,2020,mp3_files/3HypZVKMnSXTww4VbAoyQK.mp3
7Hy0CZtFcREucLDXB5jp6m,1988,mp3_files/7Hy0CZtFcREucLDXB5jp6m.mp3
67FiwcIh6TyjgA6Ji1LJf4,1990,mp3_files/67FiwcIh6TyjgA6Ji1LJf4.mp3
3NmN4hypKhZ7eMlJecsP0z,1999,mp3_files/3NmN4hypKhZ7eMlJecsP0z.mp3
2uxTJ3a5PfQK4YuWOXPwFm,2003,mp3_files/2uxTJ3a5PfQK4YuWOXPwFm.mp3
0e5gaFZGe4hYscBzPBlc80,2003,mp3_files/0e5gaFZGe4hYscBzPBlc80.mp3
1tReJgdNi6l0om8K4wTqKy,2005,mp3_files/1tReJgdNi6l0om8K4wTqKy.mp3
5xo1GjsebrOd1iUVoJ6SEK,2006,mp3_files/5xo1GjsebrOd1iUVoJ6SEK.mp3
1J6BxOelSaHWKwW9GUvL8s,2007,mp3_files/1J6BxOelSaHWKwW9GUvL8s.mp3
2THUeP0bmT7Vgm58ZnsChY,2009,mp3_files/2THUeP0bmT7Vgm58ZnsChY.mp3
0mR80lwmVmIxl4safmmQsk,2010,mp3_files/0mR80lwmVmIxl4safmmQsk.mp3
6zExa9fc43F6uxNdaVmcUR,2012,mp3_files/6zExa9fc43F6uxNdaVmcUR.mp3
3Ls2x6wdRa5L02QXU38HNr,2012,mp3_files/3Ls2x6wdRa5L02QXU38HNr.mp3
5UOGzIMvxXyRZIWBbqDcpU,2016,mp3_files/5UOGzIMvxXyRZIWBbqDcpU.mp3
0bfROYomzLwxT6RGxwAmyt,2017,mp3_files/0bfROYomzLwxT6RGxwAmyt.mp3
4plgBLw54eoTmAqyB0grGh,2017,mp3_files/4plgBLw54eoTmAqyB0grGh.mp3
00YUNap0MFncqzzuvwzUlS,2018,mp3_files/00YUNap0MFncqzzuvwzUlS.mp3
2dMqZm7KS4jUHuVHSQYzck,2018,mp3_files/2dMqZm7KS4jUHuVHSQYzck.mp3
2e28ndtymkJaoQXnCBxXku,2020,mp3_files/2e28ndtymkJaoQXnCBxXku.mp3
6n8rdJ6dYRXYp11ANhYhrG,2020,mp3_files/6n8rdJ6dYRXYp11ANhYhrG.mp3
3heHzzI6Grlj4xTeoLOO56,2021,mp3_files/3heHzzI6Grlj4xTeoLOO56.mp3
7eYRXEQCTmPWQCJ8t9v6vo,2021,mp3_files/7eYRXEQCTmPWQCJ8t9v6vo.mp3
6fUO5MdtMQrQeP51A73ysU,2022,mp3_files/6fUO5MdtMQrQeP51A73ysU.mp3
1J8BB10crN7uZc42kZiALR,2022,mp3_files/1J8BB10crN7uZc42kZiALR.mp3
5cQjufIFsPTe2DypPw6vOL,2022,mp3_files/5cQjufIFsPTe2DypPw6vOL.mp3
5DyQozXhUWzg3dmzKh8UUh,2022,mp3_files/5DyQozXhUWzg3dmzKh8UUh.mp3
1Yq7EqLBa1ZmQ4918ZgBsr,2022,mp3_files/1Yq7EqLBa1ZmQ4918ZgBsr.mp3
7DVBXYeGlU2WdzT0erEQQf,2022,mp3_files/7DVBXYeGlU2WdzT0erEQQf.mp3
1dxCI4KuVhWHxbqeYMomSf,2023,mp3_files/1dxCI4KuVhWHxbqeYMomSf.mp3
6D1HiF2e3Z0F8FwQ5uLxwn,2023,mp3_files/6D1HiF2e3Z0F8FwQ5uLxwn.mp3
0au6ZQtQNZf6sKl7rK1BoN,2023,mp3_files/0au6ZQtQNZf6sKl7rK1BoN.mp3
6QKIFnjzvtOBnr1cjoOIIK,2023,mp3_files/6QKIFnjzvtOBnr1cjoOIIK.mp3
1Wxdx6fbqM380Gf9C0ODBC,1990,mp3_files/1Wxdx6fbqM380Gf9C0ODBC.mp3
2zrVAASEpNrRWCVtFHxMXM,1996,mp3_files/2zrVAASEpNrRWCVtFHxMXM.mp3
4YgSlaIvdQfu8JU78x7MaZ,1999,mp3_files/4YgSlaIvdQfu8JU78x7MaZ.mp3
1Lz7wiD9KaBS7zptRQJbWk,2000,mp3_files/1Lz7wiD9KaBS7zptRQJbWk.mp3
6hrbyZLZePWb6nCsgVpjLp,2000,mp3_files/6hrbyZLZePWb6nCsgVpjLp.mp3
3xNsHKqsBYt4aV90Bp4l5Y,2002,mp3_files/3xNsHKqsBYt4aV90Bp4l5Y.mp3
5cuYrVcC5krKnbLEdhTfMe,2010,mp3_files/5cuYrVcC5krKnbLEdhTfMe.mp3
5o21zzrmo3ppnruabrr1Fa,2011,mp3_files/5o21zzrmo3ppnruabrr1Fa.mp3
5upwX2Cao2wGqo49EicqQd,2014,mp3_files/5upwX2Cao2wGqo49EicqQd.mp3
1XVfDjhm35eC0BqDUn0VL2,2019,mp3_files/1XVfDjhm35eC0BqDUn0VL2.mp3
1Oa6WPyiLIRaY5x0jl8GMC,2020,mp3_files/1Oa6WPyiLIRaY5x0jl8GMC.mp3
48elauEVw3DWVA2lFyqUUZ,2023,mp3_files/48elauEVw3DWVA2lFyqUUZ.mp3
2k428UQZlYhzUIYs5DEDsP,2023,mp3_files/2k428UQZlYhzUIYs5DEDsP.mp3
7waAe5tRX681lx91b2BhDC,1973,mp3_files/7waAe5tRX681lx91b2BhDC.mp3
1bIupoWqwPhmPbXekHD5QR,1982,mp3_files/1bIupoWqwPhmPbXekHD5QR.mp3
4ZgDTZjxNJxrpoaWYnaa3N,1983,mp3_files/4ZgDTZjxNJxrpoaWYnaa3N.mp3
1MOSRjdAbUhvLNnHCdUEL5,1985,mp3_files/1MOSRjdAbUhvLNnHCdUEL5.mp3
2xwJmtyYt3tJNl4Ql9DmmW,1985,mp3_files/2xwJmtyYt3tJNl4Ql9DmmW.mp3
7jVHD6NiChZGX887WrNBrH,1988,mp3_files/7jVHD6NiChZGX887WrNBrH.mp3
1vBXixLz7cVLLTdR4Xe8aL,1989,mp3_files/1vBXixLz7cVLLTdR4Xe8aL.mp3
28mwuJqKOjRpqo14GuKSkj,1997,mp3_files/28mwuJqKOjRpqo14GuKSkj.mp3
7MmPLM1cveoaY5eYjq9pdG,2000,mp3_files/7MmPLM1cveoaY5eYjq9pdG.mp3
7BNeFchpHDCWYSUV4hfU89,2005,mp3_files/7BNeFchpHDCWYSUV4hfU89.mp3
5SMv636dHIy8h1TXjoboue,2007,mp3_files/5SMv636dHIy8h1TXjoboue.mp3
7zhmazCm877yScXIQfeMh0,2011,mp3_files/7zhmazCm877yScXIQfeMh0.mp3
3IM7zXywZ6sRTtkRjRLxJ8,2011,mp3_files/3IM7zXywZ6sRTtkRjRLxJ8.mp3
3VuUORNEaGnVCXTP30Ywxh,2011,mp3_files/3VuUORNEaGnVCXTP30Ywxh.mp3
1XsN9Flu0VvZpXmrkBtZGt,2012,mp3_files/1XsN9Flu0VvZpXmrkBtZGt.mp3
5QKPzwgyO4CGZfXCyAuHEM,2013,mp3_files/5QKPzwgyO4CGZfXCyAuHEM.mp3
60OaZnI3ZfdSLbOor6h1EF,2013,mp3_files/60OaZnI3ZfdSLbOor6h1EF.mp3
3Uyt0WO3wOopnUBCe9BaXl,2014,mp3_files/3Uyt0WO3wOopnUBCe9BaXl.mp3
78OdnOhPOk19xYhGAKgjCO,2014,mp3_files/78OdnOhPOk19xYhGAKgjCO.mp3
6BWuICzhOM8j3NlZ8zEL5Y,2014,mp3_files/6BWuICzhOM8j3NlZ8zEL5Y.mp3
7DvDkxLvsvpjGXAtF1yWJH,2014,mp3_files/7DvDkxLvsvpjGXAtF1yWJH.mp3
6ftEA8CwMP4vtlL7F6VKsj,2015,mp3_files/6ftEA8CwMP4vtlL7F6VKsj.mp3
6VSERfFBP1VhLVqQsmL4Rd,2016,mp3_files/6VSERfFBP1VhLVqQsmL4Rd.mp3
4nHA9dbzEp6Q4lH6P8zN9E,2017,mp3_files/4nHA9dbzEp6Q4lH6P8zN9E.mp3
3FZrDiK2wWeznDDWAEaB9z,2017,mp3_files/3FZrDiK2wWeznDDWAEaB9z.mp3
5r6ohsjGS4tBueDCAEkJsO,2017,mp3_files/5r6ohsjGS4tBueDCAEkJsO.mp3
18NBBN8LJ1a2nVIFoFK5bT,2018,mp3_files/18NBBN8LJ1a2nVIFoFK5bT.mp3
1Y4FUedllg2jNVA5BRIwEc,2018,mp3_files/1Y4FUedllg2jNVA5BRIwEc.mp3
0VGJt0JmgzBM1qh4PbLJE8,2018,mp3_files/0VGJt0JmgzBM1qh4PbLJE8.mp3
1QarIX44WCvyyBsvH32BRB,2018,mp3_files/1QarIX44WCvyyBsvH32BRB.mp3
7omTRZ58uxN5c8A77S1gUP,2018,mp3_files/7omTRZ58uxN5c8A77S1gUP.mp3
2BkkZ1mB0AS3T73hJ404B7,2018,mp3_files/2BkkZ1mB0AS3T73hJ404B7.mp3
5SCEn39dgCQjtXDkrQ9nJA,2018,mp3_files/5SCEn39dgCQjtXDkrQ9nJA.mp3
2JFmiASjHttT8AK7WeZjAb,2018,mp3_files/2JFmiASjHttT8AK7WeZjAb.mp3
4WB9OeauHXnGOMUK4s80gM,2018,mp3_files/4WB9OeauHXnGOMUK4s80gM.mp3
6x7q58Ys4UZJ5THVX7xRz9,2019,mp3_files/6x7q58Ys4UZJ5THVX7xRz9.mp3
0bxqG1RovgR66pXHWPQb36,2019,mp3_files/0bxqG1RovgR66pXHWPQb36.mp3
3Cc0xsYtoaPDjVZyiPHiQ4,2019,mp3_files/3Cc0xsYtoaPDjVZyiPHiQ4.mp3
5I0FpjL8ntcB3Z6MA4F1IH,2019,mp3_files/5I0FpjL8ntcB3Z6MA4F1IH.mp3
27nsINK9u7ghf7IW9KFUez,2019,mp3_files/27nsINK9u7ghf7IW9KFUez.mp3
6bPvckx3EhVkjnqo5pxJsZ,2019,mp3_files/6bPvckx3EhVkjnqo5pxJsZ.mp3
7439REnnov7d5h0P419Nk2,2019,mp3_files/7439REnnov7d5h0P419Nk2.mp3
079OwtobI8CKoSUbVYKBey,2020,mp3_files/079OwtobI8CKoSUbVYKBey.mp3
5kQ5tKaEs3RHlaLqwjagly,2020,mp3_files/5kQ5tKaEs3RHlaLqwjagly.mp3
4zfih9sHVVJMb0f7LRoAz8,2020,mp3_files/4zfih9sHVVJMb0f7LRoAz8.mp3
43NH5A7IGh6i9lHy2T7rVl,2020,mp3_files/43NH5A7IGh6i9lHy2T7rVl.mp3
2ckpS5tzKUVhJAAB6f9Xwk,2020,mp3_files/2ckpS5tzKUVhJAAB6f9Xwk.mp3
0wRFR5cUtBNArgtw4F1rw1,2021,mp3_files/0wRFR5cUtBNArgtw4F1rw1.mp3
6zvHwijlnwqjS6d46yAffi,2021,mp3_files/6zvHwijlnwqjS6d46yAffi.mp3
7lF4vYpokRbb9tdAq12tbx,2022,mp3_files/7lF4vYpokRbb9tdAq12tbx.mp3
7oGhrOqVgyDAIJM6JAPJAU,2022,mp3_files/7oGhrOqVgyDAIJM6JAPJAU.mp3
35jK3rPCyBf1bUCJTEYyau,2022,mp3_files/35jK3rPCyBf1bUCJTEYyau.mp3
4yWP2IC6gq5Hl8bVouCvMs,2022,mp3_files/4yWP2IC6gq5Hl8bVouCvMs.mp3
7l4o56YmVka0fzJZ9mC9vx,2022,mp3_files/7l4o56YmVka0fzJZ9mC9vx.mp3
4otT81iBBpaf36roGtzT4a,2022,mp3_files/4otT81iBBpaf36roGtzT4a.mp3
3KHzadkhdMB6hD4lJU0I5U,2022,mp3_files/3KHzadkhdMB6hD4lJU0I5U.mp3
6KOxLhhrzgQUcQJfBNibmo,2022,mp3_files/6KOxLhhrzgQUcQJfBNibmo.mp3
6DWxxTScdDtgoDMf8x4M6i,2022,mp3_files/6DWxxTScdDtgoDMf8x4M6i.mp3
22o3VXJ8QeSDWZ3FAd84Or,2022,mp3_files/22o3VXJ8QeSDWZ3FAd84Or.mp3
7n4wxHpsRObormljTA8QtH,2022,mp3_files/7n4wxHpsRObormljTA8QtH.mp3
3gilyLEPttYyyo9NTNyAwx,2022,mp3_files/3gilyLEPttYyyo9NTNyAwx.mp3
4dgrhJgYu7TNSw9rbDasXz,2022,mp3_files/4dgrhJgYu7TNSw9rbDasXz.mp3
48g7YkFJ3mZWJ8NUhaO96Q,2023,mp3_files/48g7YkFJ3mZWJ8NUhaO96Q.mp3
1CNf84BUEwfWcMqAIqUqlz,2023,mp3_files/1CNf84BUEwfWcMqAIqUqlz.mp3
3FZYwJ5eze07suaJJJYUti,2023,mp3_files/3FZYwJ5eze07suaJJJYUti.mp3
7JXrPbKQaBsxPGFW76gCBR,2023,mp3_files/7JXrPbKQaBsxPGFW76gCBR.mp3
7eRieJayjdePGSfdNODdrh,2023,mp3_files/7eRieJayjdePGSfdNODdrh.mp3
3dl81ypaK6k0y0RCszBKS4,2023,mp3_files/3dl81ypaK6k0y0RCszBKS4.mp3
4BZZTXcd5ROagKhynqj61X,2023,mp3_files/4BZZTXcd5ROagKhynqj61X.mp3
7HMtemTwOT1SlP5tWTYKoO,2023,mp3_files/7HMtemTwOT1SlP5tWTYKoO.mp3
2gH0sY8ATBTt01imXPZJdH,2023,mp3_files/2gH0sY8ATBTt01imXPZJdH.mp3
2GMXeFK2Zz6DqUP5LT9NHz,2023,mp3_files/2GMXeFK2Zz6DqUP5LT9NHz.mp3
35A7vKNxPv68FrRg6PkFuS,2023,mp3_files/35A7vKNxPv68FrRg6PkFuS.mp3
1Rn1zphLtXbGF436KG5Ft9,2023,mp3_files/1Rn1zphLtXbGF436KG5Ft9.mp3
0GIZezqLlyi4QpsQAPemU8,2023,mp3_files/0GIZezqLlyi4QpsQAPemU8.mp3
1mYAOuwqQwQRsSaOEhfm0u,2023,mp3_files/1mYAOuwqQwQRsSaOEhfm0u.mp3
7gHRVNiuL66Z6fE6DwZaFT,2000,mp3_files/7gHRVNiuL66Z6fE6DwZaFT.mp3
2FnmR70vaOzAfEexqaFTtR,2008,mp3_files/2FnmR70vaOzAfEexqaFTtR.mp3
7nKWdnGqyO1ZEBGT0IEcrv,2010,mp3_files/7nKWdnGqyO1ZEBGT0IEcrv.mp3
61ZSaEqlhd8LtMZcWkFekJ,2011,mp3_files/61ZSaEqlhd8LtMZcWkFekJ.mp3
4lPDYtm7DbdJf2uqNPpZId,2011,mp3_files/4lPDYtm7DbdJf2uqNPpZId.mp3
3eFo3R4r0KPT932Wa5zq0P,2011,mp3_files/3eFo3R4r0KPT932Wa5zq0P.mp3
2HEr6PARUW822o9VLx25mg,2012,mp3_files/2HEr6PARUW822o9VLx25mg.mp3
7HR7GfC3WufFL9KkTgCRtm,2015,mp3_files/7HR7GfC3WufFL9KkTgCRtm.mp3
4fx4Ubr7JJVh6pwumqU4tf,2016,mp3_files/4fx4Ubr7JJVh6pwumqU4tf.mp3
3FopnRPK626Fbu4ErKdtUo,2016,mp3_files/3FopnRPK626Fbu4ErKdtUo.mp3
47UHT768RVqjqK50qPU5q1,2016,mp3_files/47UHT768RVqjqK50qPU5q1.mp3
78xupoTFQTeKQ5cumYWZIb,2018,mp3_files/78xupoTFQTeKQ5cumYWZIb.mp3
4eWcCSJEe0d1gCEdKqyiHS,2018,mp3_files/4eWcCSJEe0d1gCEdKqyiHS.mp3
1gRMO4h3NGb1ZJA7TNdMPj,2019,mp3_files/1gRMO4h3NGb1ZJA7TNdMPj.mp3
6azjD02gDO2ZarIZMs3eRk,2019,mp3_files/6azjD02gDO2ZarIZMs3eRk.mp3
1FVWK3w7MQi8HvLXrsK7yq,2020,mp3_files/1FVWK3w7MQi8HvLXrsK7yq.mp3
5rxnji2M5so1RXRcZBVpwb,2020,mp3_files/5rxnji2M5so1RXRcZBVpwb.mp3
1vh9W9ZWrC7n646F9xylVx,2022,mp3_files/1vh9W9ZWrC7n646F9xylVx.mp3
2FvnzEpPgSYa8VLprqz0AM,2022,mp3_files/2FvnzEpPgSYa8VLprqz0AM.mp3
3p26SlvvvwRo3WY9pUTlE0,2022,mp3_files/3p26SlvvvwRo3WY9pUTlE0.mp3
5x2FQWaLgGa6zJqRoUtGMk,2023,mp3_files/5x2FQWaLgGa6zJqRoUtGMk.mp3
39GVFOscdpeAtO8oeoQjem,2023,mp3_files/39GVFOscdpeAtO8oeoQjem.mp3
387yCeKQgJON67MA3a5w0e,2023,mp3_files/387yCeKQgJON67MA3a5w0e.mp3
6uSfjGhoUULFG4bC354bQu,2023,mp3_files/6uSfjGhoUULFG4bC354bQu.mp3
3mMTwWe7EyCK6q1QDnYRPt,1964,mp3_files/3mMTwWe7EyCK6q1QDnYRPt.mp3
1iazg3Bbpj0iawxEIWZ0Ij,1968,mp3_files/1iazg3Bbpj0iawxEIWZ0Ij.mp3
2NBTgkjNEWRhqvJNogtWV5,1968,mp3_files/2NBTgkjNEWRhqvJNogtWV5.mp3
446fzeqMyWrdR9gVhTUZVc,1976,mp3_files/446fzeqMyWrdR9gVhTUZVc.mp3
1JLn8RhQzHz3qDqsChcmBl,1984,mp3_files/1JLn8RhQzHz3qDqsChcmBl.mp3
0UcPuBlICvhGbCjnGOHyHj,1985,mp3_files/0UcPuBlICvhGbCjnGOHyHj.mp3
55mXuPsEm6aboDIM68RM74,1985,mp3_files/55mXuPsEm6aboDIM68RM74.mp3
5zvrDC409YAzhLjgMiDTy4,1998,mp3_files/5zvrDC409YAzhLjgMiDTy4.mp3
3SAECeINnjJaNbvVa5XMv3,2000,mp3_files/3SAECeINnjJaNbvVa5XMv3.mp3
5UIZUolk81EFayAG3DjBH6,2001,mp3_files/5UIZUolk81EFayAG3DjBH6.mp3
4D0dgZLZWkaWG25NBuxOfS,2003,mp3_files/4D0dgZLZWkaWG25NBuxOfS.mp3
1X3rIaLi9dB8QA9jXBz6lk,2004,mp3_files/1X3rIaLi9dB8QA9jXBz6lk.mp3
2HGJqKtabrDzhXrWw1RylG,2004,mp3_files/2HGJqKtabrDzhXrWw1RylG.mp3
72ATyJjD4fdzdd05Sh2CRo,2004,mp3_files/72ATyJjD4fdzdd05Sh2CRo.mp3
7vlLFUFZKochwQGnoRnWcM,2005,mp3_files/7vlLFUFZKochwQGnoRnWcM.mp3
5QsVz6hMVGPia0NOMQ8wOS,2005,mp3_files/5QsVz6hMVGPia0NOMQ8wOS.mp3
7x6u2lTwgA5rERBNyfpiRw,2006,mp3_files/7x6u2lTwgA5rERBNyfpiRw.mp3
063uWSwAY7gtaDWClzHnnj,2007,mp3_files/063uWSwAY7gtaDWClzHnnj.mp3
5H3ChVfItCaDpj1vPbigyX,2008,mp3_files/5H3ChVfItCaDpj1vPbigyX.mp3
4H2F8AUo5I1cbzB0cG3ojq,2009,mp3_files/4H2F8AUo5I1cbzB0cG3ojq.mp3
2YrrqkKoOZJuJNEfDc3CP2,2012,mp3_files/2YrrqkKoOZJuJNEfDc3CP2.mp3
0RMz7sYToQT0QUa6FzOeuC,2012,mp3_files/0RMz7sYToQT0QUa6FzOeuC.mp3
2KBXp3B6jvVyDYnQAaLBeb,2012,mp3_files/2KBXp3B6jvVyDYnQAaLBeb.mp3
1sDBYNzm1DjXnlnchKxuQm,2013,mp3_files/1sDBYNzm1DjXnlnchKxuQm.mp3
2KTdR6phR5SR9jibQJW6Gj,2013,mp3_files/2KTdR6phR5SR9jibQJW6Gj.mp3
7o3X7RQnneoIOtzXTdS6Nz,2014,mp3_files/7o3X7RQnneoIOtzXTdS6Nz.mp3
1lzRxwbdl86iJlYMz48KoD,2016,mp3_files/1lzRxwbdl86iJlYMz48KoD.mp3
7gx4vX9S0Cri3yFtMYkDSN,2017,mp3_files/7gx4vX9S0Cri3yFtMYkDSN.mp3
2FVuwCqLXugxdfrWaczZRl,2017,mp3_files/2FVuwCqLXugxdfrWaczZRl.mp3
2g1A48TyetBYRWZZc9zmFO,2017,mp3_files/2g1A48TyetBYRWZZc9zmFO.mp3
3VopW4TAhthIq3N4mAXwhY,2018,mp3_files/3VopW4TAhthIq3N4mAXwhY.mp3
5muiYSjAkI6rHSlyGlZ0jr,2018,mp3_files/5muiYSjAkI6rHSlyGlZ0jr.mp3
314LZAYaJXobwhsUapt0nJ,2019,mp3_files/314LZAYaJXobwhsUapt0nJ.mp3
1MCwF6cRku0geY2gI3lR57,2019,mp3_files/1MCwF6cRku0geY2gI3lR57.mp3
4qqarKoWmSS8jtPSqUoaPa,2019,mp3_files/4qqarKoWmSS8jtPSqUoaPa.mp3
5fW4TKcWuk4hgasD60JyZv,2019,mp3_files/5fW4TKcWuk4hgasD60JyZv.mp3
77sNuarx65VUope6TXgN0O,2019,mp3_files/77sNuarx65VUope6TXgN0O.mp3
4zKqWCgGqwWlfJTNaj2R19,2019,mp3_files/4zKqWCgGqwWlfJTNaj2R19.mp3
0TdHMmYqHucjNryME4bfKe,2019,mp3_files/0TdHMmYqHucjNryME4bfKe.mp3
7gWzaZ4LbiibkmeN7n3nM8,2020,mp3_files/7gWzaZ4LbiibkmeN7n3nM8.mp3
0KBwGCY9RYD9t2zjeW4h48,2020,mp3_files/0KBwGCY9RYD9t2zjeW4h48.mp3
7nNFPI4xVf2XNRUrjQc8MY,2020,mp3_files/7nNFPI4xVf2XNRUrjQc8MY.mp3
70yiVJoOUU6cNbdsgL6ADT,2020,mp3_files/70yiVJoOUU6cNbdsgL6ADT.mp3
54iEl8szCwEbFLMtlGvSQy,2020,mp3_files/54iEl8szCwEbFLMtlGvSQy.mp3
4uiR0HGXDcqsR4E1P2EzLW,2020,mp3_files/4uiR0HGXDcqsR4E1P2EzLW.mp3
7L59hZFpQ2ML5qYpDPDe46,2020,mp3_files/7L59hZFpQ2ML5qYpDPDe46.mp3
0tl2r4XSNdrvR65zztK8xs,2021,mp3_files/0tl2r4XSNdrvR65zztK8xs.mp3
3SqaQQ3WiaKNO64iZbotqj,2021,mp3_files/3SqaQQ3WiaKNO64iZbotqj.mp3
0w6lsLBvhtGcqMYA7MB7r6,2021,mp3_files/0w6lsLBvhtGcqMYA7MB7r6.mp3
4MpqiN2moRQR2t0DO43MZH,2022,mp3_files/4MpqiN2moRQR2t0DO43MZH.mp3
5L16uzTEL35K3PyuBGgSJr,2022,mp3_files/5L16uzTEL35K3PyuBGgSJr.mp3
3I4syW2EtLaFSpzG1ti5hp,2022,mp3_files/3I4syW2EtLaFSpzG1ti5hp.mp3
3ElQZM0z5G62E4LpBTRv89,2022,mp3_files/3ElQZM0z5G62E4LpBTRv89.mp3
2DEvSP6nGeJJhuAIRGHbaW,2022,mp3_files/2DEvSP6nGeJJhuAIRGHbaW.mp3
1W6W66ovH0P3Jh3XibB2zw,2022,mp3_files/1W6W66ovH0P3Jh3XibB2zw.mp3
5DXuCUU696cNqKrQJvJz5U,2022,mp3_files/5DXuCUU696cNqKrQJvJz5U.mp3
2EMkEil00JbwV78CoRgd3E,2022,mp3_files/2EMkEil00JbwV78CoRgd3E.mp3
6nhd4cWEYapY5704NqOcOk,2022,mp3_files/6nhd4cWEYapY5704NqOcOk.mp3
7LqTeSI33Tizgz6bOjMw3F,2022,mp3_files/7LqTeSI33Tizgz6bOjMw3F.mp3
4JmTQ0RCQ8WrVefyKwTBkg,2022,mp3_files/4JmTQ0RCQ8WrVefyKwTBkg.mp3
6iWSlkckwJyzGDkEX8pNqg,2022,mp3_files/6iWSlkckwJyzGDkEX8pNqg.mp3
25VFwQA7ykqshryZml8NjY,2022,mp3_files/25VFwQA7ykqshryZml8NjY.mp3
21eYL196teNykoCGTira9r,2023,mp3_files/21eYL196teNykoCGTira9r.mp3
79DFRI318iJU1hvZnPzA4K,2023,mp3_files/79DFRI318iJU1hvZnPzA4K.mp3
4KxQ0626SWAkykLREg5PCs,2023,mp3_files/4KxQ0626SWAkykLREg5PCs.mp3
7jbu9k6w67hWlhSinmGT3c,2023,mp3_files/7jbu9k6w67hWlhSinmGT3c.mp3
4FR0Xz7BzGqEXc8H735RRV,2023,mp3_files/4FR0Xz7BzGqEXc8H735RRV.mp3
5ozZHuU1nWqq2UaFM9xa5A,1964,mp3_files/5ozZHuU1nWqq2UaFM9xa5A.mp3
7sZSe99XSTu5KpYJEThvWr,1990,mp3_files/7sZSe99XSTu5KpYJEThvWr.mp3
4msnxiNpg9Mvm6f0NMYFKx,1992,mp3_files/4msnxiNpg9Mvm6f0NMYFKx.mp3
1njxWb5fM5L5eEq9MyWddU,1996,mp3_files/1njxWb5fM5L5eEq9MyWddU.mp3
5FRQe614oqDkHGf4LVZCr9,1997,mp3_files/5FRQe614oqDkHGf4LVZCr9.mp3
3w9Z92Q9LBBuA7Ik7T0fn7,1997,mp3_files/3w9Z92Q9LBBuA7Ik7T0fn7.mp3
3sGiKthnX5zkxbKYgbNMXA,2004,mp3_files/3sGiKthnX5zkxbKYgbNMXA.mp3
5t43VxQuoRuJDJAJnxcCvg,2007,mp3_files/5t43VxQuoRuJDJAJnxcCvg.mp3
3W39jzaMMphdOX2oKUq8BM,2007,mp3_files/3W39jzaMMphdOX2oKUq8BM.mp3
6cLvJIu2CbvsIWf8JFFvyM,2008,mp3_files/6cLvJIu2CbvsIWf8JFFvyM.mp3
3xuGzgRYAXHmj0dT1EOtzv,2009,mp3_files/3xuGzgRYAXHmj0dT1EOtzv.mp3
7vY7W8DL8JSaS6aBDFHGW3,2010,mp3_files/7vY7W8DL8JSaS6aBDFHGW3.mp3
0bgEcO0WvBzpGVujZNuY8E,2011,mp3_files/0bgEcO0WvBzpGVujZNuY8E.mp3
5PcCSUGriuhWuyyWxuBnnM,2012,mp3_files/5PcCSUGriuhWuyyWxuBnnM.mp3
5ZXjV4dL6GAc4yRUtf48IP,2013,mp3_files/5ZXjV4dL6GAc4yRUtf48IP.mp3
7cY3q6uDDuPfh36fqxPEPy,2013,mp3_files/7cY3q6uDDuPfh36fqxPEPy.mp3
2PTQhQ9ChjC7nNBzjiMDLk,2013,mp3_files/2PTQhQ9ChjC7nNBzjiMDLk.mp3
6lCv1OYP94cH0yni2WDDmD,2014,mp3_files/6lCv1OYP94cH0yni2WDDmD.mp3
5Ix00M85PPm8X0BFhiDQhT,2015,mp3_files/5Ix00M85PPm8X0BFhiDQhT.mp3
54vtz2MeGYtbvOG440hsYQ,2016,mp3_files/54vtz2MeGYtbvOG440hsYQ.mp3
4WYhQviUDsXVzLp6oncwJS,2016,mp3_files/4WYhQviUDsXVzLp6oncwJS.mp3
4Ngeca4zs304bDnDh3pjzI,2017,mp3_files/4Ngeca4zs304bDnDh3pjzI.mp3
5jIFppToKqjqKsCZHrmEmk,2017,mp3_files/5jIFppToKqjqKsCZHrmEmk.mp3
10nYzUEHUryCcsDlbovKpw,2017,mp3_files/10nYzUEHUryCcsDlbovKpw.mp3
1irx7iNjFWPDo5qqO5wdAu,2018,mp3_files/1irx7iNjFWPDo5qqO5wdAu.mp3
07xcwSMHipYF9RvHvEHj0x,2018,mp3_files/07xcwSMHipYF9RvHvEHj0x.mp3
1k5KQ2r1mRcgW8LneTiIk4,2022,mp3_files/1k5KQ2r1mRcgW8LneTiIk4.mp3
2I2G4B2qXDtmQBCB1UDA75,2023,mp3_files/2I2G4B2qXDtmQBCB1UDA75.mp3
5IZGqvPLERJ4BOHAmLrRoy,2011,mp3_files/5IZGqvPLERJ4BOHAmLrRoy.mp3
6vlaz720ECjMn0SDDMFPOU,2017,mp3_files/6vlaz720ECjMn0SDDMFPOU.mp3
5oMxSGCH3VN6WGmQFfWalA,2020,mp3_files/5oMxSGCH3VN6WGmQFfWalA.mp3
7bTEYM4keeHBnm8h0nBj5G,2022,mp3_files/7bTEYM4keeHBnm8h0nBj5G.mp3
0Mkto8DyJoAdFMrIZjtukh,2022,mp3_files/0Mkto8DyJoAdFMrIZjtukh.mp3
7un8OKI125exqaKdWVY1Cq,2022,mp3_files/7un8OKI125exqaKdWVY1Cq.mp3
28FicbHX0Z1tnLdPdsIyKS,2023,mp3_files/28FicbHX0Z1tnLdPdsIyKS.mp3
3sro7j7pDMNquQEQHKa2xR,2023,mp3_files/3sro7j7pDMNquQEQHKa2xR.mp3
5klPZRehMLpiKUchPAzKyR,2023,mp3_files/5klPZRehMLpiKUchPAzKyR.mp3
7jcozRJqpBm6s2qy9IghLJ,2023,mp3_files/7jcozRJqpBm6s2qy9IghLJ.mp3
67CZqkzTjadnDgCkxrMvsZ,2012,mp3_files/67CZqkzTjadnDgCkxrMvsZ.mp3
6nRSyu4oOed8HgcVxV1cWl,2021,mp3_files/6nRSyu4oOed8HgcVxV1cWl.mp3
3ha3BkWiDChNZ2YDtoKvRw,1994,mp3_files/3ha3BkWiDChNZ2YDtoKvRw.mp3
0qpSqKanuiKlEwAbaOYfow,1997,mp3_files/0qpSqKanuiKlEwAbaOYfow.mp3
5tl5Z2FW4JQbNJGN8gJt3Z,1998,mp3_files/5tl5Z2FW4JQbNJGN8gJt3Z.mp3
7y95KJIQzhg2HzFUAldqzp,2005,mp3_files/7y95KJIQzhg2HzFUAldqzp.mp3
5WmLQGYipNpTbu9HMC0QgT,2008,mp3_files/5WmLQGYipNpTbu9HMC0QgT.mp3
2NyPVHGysUKz9w55RwlPeL,2012,mp3_files/2NyPVHGysUKz9w55RwlPeL.mp3
4aRkp9cCd8sjiqa0lz9mEi,2017,mp3_files/4aRkp9cCd8sjiqa0lz9mEi.mp3
7qc55PpGecCorFqxLGurp3,2018,mp3_files/7qc55PpGecCorFqxLGurp3.mp3
0Ir0OHVQuf0qzXZjmxSBbP,2018,mp3_files/0Ir0OHVQuf0qzXZjmxSBbP.mp3
6lZbLMHu98qpkOY0t3efUK,2019,mp3_files/6lZbLMHu98qpkOY0t3efUK.mp3
5WfMk2vk5hMD1bzByNJCC6,2022,mp3_files/5WfMk2vk5hMD1bzByNJCC6.mp3
5DPmVIialQzVljzeuBksmM,2022,mp3_files/5DPmVIialQzVljzeuBksmM.mp3
4Dvkj6JhhA12EX05fT7y2e,2022,mp3_files/4Dvkj6JhhA12EX05fT7y2e.mp3
4yhtHeb20ZC2NNe1S7D6Jy,2022,mp3_files/4yhtHeb20ZC2NNe1S7D6Jy.mp3
6ChOQCqv9Ppi0KgRwXDZZD,2022,mp3_files/6ChOQCqv9Ppi0KgRwXDZZD.mp3
63ssPpPDPiwnCObV9LaN4P,2023,mp3_files/63ssPpPDPiwnCObV9LaN4P.mp3
4Z1SQ54lhPoTqrdquQp9V9,1963,mp3_files/4Z1SQ54lhPoTqrdquQp9V9.mp3
0unPstptJ5Q1IYPFa3ULEr,2007,mp3_files/0unPstptJ5Q1IYPFa3ULEr.mp3
06pqXPHiUMiTagMqmDKttd,2010,mp3_files/06pqXPHiUMiTagMqmDKttd.mp3
712ZGHyBdeTUh3iEu6ctci,2016,mp3_files/712ZGHyBdeTUh3iEu6ctci.mp3
69b0LLpQ926WY9blYcJAKb,2017,mp3_files/69b0LLpQ926WY9blYcJAKb.mp3
36aSEtEVzMaVFlo7QQ6KbC,2022,mp3_files/36aSEtEVzMaVFlo7QQ6KbC.mp3
63ZVFYYNTtmIcuOdnSE8Zp,2023,mp3_files/63ZVFYYNTtmIcuOdnSE8Zp.mp3
5ZhLMUNyZWRjVWwHKDNF6H,1986,mp3_files/5ZhLMUNyZWRjVWwHKDNF6H.mp3
3qmTgUs68rphAM0PiqUHf7,1997,mp3_files/3qmTgUs68rphAM0PiqUHf7.mp3
7KUFRDXwJrW2ZtV7kwZ7fJ,1998,mp3_files/7KUFRDXwJrW2ZtV7kwZ7fJ.mp3
1kAl7tpw3oKnK1seYQ9PIh,1999,mp3_files/1kAl7tpw3oKnK1seYQ9PIh.mp3
6JRUPE7m7ENPvvgB1PChIM,2003,mp3_files/6JRUPE7m7ENPvvgB1PChIM.mp3
1JzVqNkx9nXBxZS0vNsKZx,2004,mp3_files/1JzVqNkx9nXBxZS0vNsKZx.mp3
1GuYiUeuBDz2ANfB43e7jZ,2005,mp3_files/1GuYiUeuBDz2ANfB43e7jZ.mp3
2QMvwxSEIrUAnRiSi3OYQn,2009,mp3_files/2QMvwxSEIrUAnRiSi3OYQn.mp3
2BoMPjd9Ij9VHZBPmXx89V,2009,mp3_files/2BoMPjd9Ij9VHZBPmXx89V.mp3
4LWVPTpGzQjKtwYmmx7Hbd,2009,mp3_files/4LWVPTpGzQjKtwYmmx7Hbd.mp3
6ROzBetwR2YLnEqEY9FsSI,2010,mp3_files/6ROzBetwR2YLnEqEY9FsSI.mp3
0D0s6WvfFlpRh3gw7JMz56,2011,mp3_files/0D0s6WvfFlpRh3gw7JMz56.mp3
05KDO9Q9RZqd8jNUHqhFJJ,2013,mp3_files/05KDO9Q9RZqd8jNUHqhFJJ.mp3
69eq0wj7oxGE6D4htiyHlU,2017,mp3_files/69eq0wj7oxGE6D4htiyHlU.mp3
2ByB9vlVC7p6kDsznT4NYr,2019,mp3_files/2ByB9vlVC7p6kDsznT4NYr.mp3
4ffoWIfe9UWfyuJT5I0I7L,2019,mp3_files/4ffoWIfe9UWfyuJT5I0I7L.mp3
6S01Mh6Yb1zQIdjCOXSyA6,2019,mp3_files/6S01Mh6Yb1zQIdjCOXSyA6.mp3
4ReQJvkxH6Ab1H2aeQToU8,2021,mp3_files/4ReQJvkxH6Ab1H2aeQToU8.mp3
4Sa7rPBn7oBvreaZPKIRr8,2022,mp3_files/4Sa7rPBn7oBvreaZPKIRr8.mp3
0FIn40mr9NXS3GKP9kd7Y7,2023,mp3_files/0FIn40mr9NXS3GKP9kd7Y7.mp3
0jstiWG1x3HwAXUc9Kxn3k,2023,mp3_files/0jstiWG1x3HwAXUc9Kxn3k.mp3
4e1U6KRJGed8gh3uRbAv3P,2023,mp3_files/4e1U6KRJGed8gh3uRbAv3P.mp3
4XSRqScl0RWxFjOQID8QCW,1966,mp3_files/4XSRqScl0RWxFjOQID8QCW.mp3
4ZQW8CvHE5adKbmMrJpzqM,1966,mp3_files/4ZQW8CvHE5adKbmMrJpzqM.mp3
49IzWufYtbt3tgUN8ORNe0,2020,mp3_files/49IzWufYtbt3tgUN8ORNe0.mp3
6N6uTt8e1vLLgIZK5FgSYh,1990,mp3_files/6N6uTt8e1vLLgIZK5FgSYh.mp3
0hoLCfOWVVxtgkkvydWMyk,1995,mp3_files/0hoLCfOWVVxtgkkvydWMyk.mp3
0YfbfdutOwXknxNIY1qwJ4,2000,mp3_files/0YfbfdutOwXknxNIY1qwJ4.mp3
2poOtKwdjc39DRNmY6wRV2,2006,mp3_files/2poOtKwdjc39DRNmY6wRV2.mp3
7mIDPKeFoaMPJBueJIqqLY,2007,mp3_files/7mIDPKeFoaMPJBueJIqqLY.mp3
0yWkizVyqQhMhg4crXvfBU,2010,mp3_files/0yWkizVyqQhMhg4crXvfBU.mp3
5VzS67XK3qqOXriPku5MEb,2010,mp3_files/5VzS67XK3qqOXriPku5MEb.mp3
7jRXuAMoc8mtQiSmG25Ptp,2014,mp3_files/7jRXuAMoc8mtQiSmG25Ptp.mp3
2a7Sqh8bpbabVWlY2jRET9,2015,mp3_files/2a7Sqh8bpbabVWlY2jRET9.mp3
6cZDf3mpynxrZbnx95j0tp,2016,mp3_files/6cZDf3mpynxrZbnx95j0tp.mp3
1dzoPsCEYvZCqhtTNFDccd,2018,mp3_files/1dzoPsCEYvZCqhtTNFDccd.mp3
5w8ubPI4lWhHvMeGhndQ1w,2018,mp3_files/5w8ubPI4lWhHvMeGhndQ1w.mp3
5oSH0iFeUmbbrY4PkjYmsb,2019,mp3_files/5oSH0iFeUmbbrY4PkjYmsb.mp3
3ej9CjmXF3FvJDmWP0us2m,2019,mp3_files/3ej9CjmXF3FvJDmWP0us2m.mp3
2PaktlQ4uhWfR0Cuk0qRtN,2019,mp3_files/2PaktlQ4uhWfR0Cuk0qRtN.mp3
5HEtuK03ygUzqca6yfgOYZ,2020,mp3_files/5HEtuK03ygUzqca6yfgOYZ.mp3
3JJo8IBF270nxRz5QSViib,2020,mp3_files/3JJo8IBF270nxRz5QSViib.mp3
7hMSysDmiuzDmecbl2ba5u,2022,mp3_files/7hMSysDmiuzDmecbl2ba5u.mp3
0LIKOSDqVHvvZkBnjaYa2W,2022,mp3_files/0LIKOSDqVHvvZkBnjaYa2W.mp3
0H5JKQ7qQ5MBeRSZSieZsM,2022,mp3_files/0H5JKQ7qQ5MBeRSZSieZsM.mp3
2zHTKPHqtAxOnp7xumMjx9,2022,mp3_files/2zHTKPHqtAxOnp7xumMjx9.mp3
6h42V4coRWFzXkCFqbZeaG,2023,mp3_files/6h42V4coRWFzXkCFqbZeaG.mp3
01gFlEXnkRNkgtN7jPjByI,2023,mp3_files/01gFlEXnkRNkgtN7jPjByI.mp3
6QPFWJJLKKPjnwRQJ1OwSC,2023,mp3_files/6QPFWJJLKKPjnwRQJ1OwSC.mp3
2KBHg10JyF2MMjg3l0CFoY,2023,mp3_files/2KBHg10JyF2MMjg3l0CFoY.mp3
6rAH7LYZyxS026YWxYOqvA,1994,mp3_files/6rAH7LYZyxS026YWxYOqvA.mp3
6beNjcnGQlFVFDbhoUSexR,1997,mp3_files/6beNjcnGQlFVFDbhoUSexR.mp3
6b3Hgev5YOJrqbF9IRaTka,1999,mp3_files/6b3Hgev5YOJrqbF9IRaTka.mp3
7kcRZ2mqIYx1y3LNiOd6lM,2015,mp3_files/7kcRZ2mqIYx1y3LNiOd6lM.mp3
1w2OwBeojIZI8hTI5WkMkV,2019,mp3_files/1w2OwBeojIZI8hTI5WkMkV.mp3
34UANp5qxDg6YcgrlDeILZ,2019,mp3_files/34UANp5qxDg6YcgrlDeILZ.mp3
1xq3oPScVY6JwnHEb1xDCY,2020,mp3_files/1xq3oPScVY6JwnHEb1xDCY.mp3
6CyIkPh5mRkJg7T5xXynQ8,2021,mp3_files/6CyIkPh5mRkJg7T5xXynQ8.mp3
6PpIUz8aujdxqPhugirwBY,2022,mp3_files/6PpIUz8aujdxqPhugirwBY.mp3
0zJ2debngsKdGyX5NCCalA,2023,mp3_files/0zJ2debngsKdGyX5NCCalA.mp3
3ZWw9cswGcI33ckwAje8zC,2023,mp3_files/3ZWw9cswGcI33ckwAje8zC.mp3
7sPBjgsQimcE8K0zaNDCoe,2023,mp3_files/7sPBjgsQimcE8K0zaNDCoe.mp3
7ctPRBYQLwLjppIRHZmfdc,2023,mp3_files/7ctPRBYQLwLjppIRHZmfdc.mp3
6W2RI9ReyPV9aCdr3cDXOe,1971,mp3_files/6W2RI9ReyPV9aCdr3cDXOe.mp3
4cAeq0pjjvWxFfy7NL3XSD,1974,mp3_files/4cAeq0pjjvWxFfy7NL3XSD.mp3
3WOFIGsCzse0Wa3kd1UGG8,1985,mp3_files/3WOFIGsCzse0Wa3kd1UGG8.mp3
6pvfDHdFcjiIDXFxvDI879,1987,mp3_files/6pvfDHdFcjiIDXFxvDI879.mp3
1E9qt2x4IouxKoU4ZVAr21,1987,mp3_files/1E9qt2x4IouxKoU4ZVAr21.mp3
0quwXYEUKCkIDhl5OA5QKq,1987,mp3_files/0quwXYEUKCkIDhl5OA5QKq.mp3
1FlM93FFdy4zmAXrpvVZS5,1992,mp3_files/1FlM93FFdy4zmAXrpvVZS5.mp3
5dBZ5rtq2josn3F5De2R7r,2002,mp3_files/5dBZ5rtq2josn3F5De2R7r.mp3
59WSaMHYQ6SjeoROLeTiVB,2006,mp3_files/59WSaMHYQ6SjeoROLeTiVB.mp3
0xGCghhMq0QKosChUFNAHW,2007,mp3_files/0xGCghhMq0QKosChUFNAHW.mp3
79rQQDVNg7eZ3uQdzo4ZEE,2007,mp3_files/79rQQDVNg7eZ3uQdzo4ZEE.mp3
6fS7JzuxJOLdVvUKh6sZ5t,2010,mp3_files/6fS7JzuxJOLdVvUKh6sZ5t.mp3
1X1EibLspnxpfq72i97PA9,2011,mp3_files/1X1EibLspnxpfq72i97PA9.mp3
5uuFQR6tOujYUK5LteeV0Q,2011,mp3_files/5uuFQR6tOujYUK5LteeV0Q.mp3
7L8swNUdvmdp9qPypLsYsW,2013,mp3_files/7L8swNUdvmdp9qPypLsYsW.mp3
6FxIFhVlOvI1wcXWe8LKei,2016,mp3_files/6FxIFhVlOvI1wcXWe8LKei.mp3
0iRTEgc210jRhfFkSw7C4i,2018,mp3_files/0iRTEgc210jRhfFkSw7C4i.mp3
6cNWAn88JEOexCMV8WXc6b,2018,mp3_files/6cNWAn88JEOexCMV8WXc6b.mp3
1gyeYL3RaqMaJK23IJH7QA,2018,mp3_files/1gyeYL3RaqMaJK23IJH7QA.mp3
0it8h33bIpYBso2O7DVrbI,2019,mp3_files/0it8h33bIpYBso2O7DVrbI.mp3
2VXeQ7moo4zfT6EFO3Cwse,2020,mp3_files/2VXeQ7moo4zfT6EFO3Cwse.mp3
6vDeUYVhQcuRcaWVJhRvXt,2020,mp3_files/6vDeUYVhQcuRcaWVJhRvXt.mp3
2uLsN6Ypv8GUcPi9zCrffI,2021,mp3_files/2uLsN6Ypv8GUcPi9zCrffI.mp3
1o2xqitkP8HtQsgx4HoOhn,2021,mp3_files/1o2xqitkP8HtQsgx4HoOhn.mp3
4tTVuHQ7YmdquY0ds4O181,2021,mp3_files/4tTVuHQ7YmdquY0ds4O181.mp3
3wqbfnIcIIVsrVBvbprPxG,2022,mp3_files/3wqbfnIcIIVsrVBvbprPxG.mp3
4Ql7xBgcQnyhRC6VMxPzEJ,2022,mp3_files/4Ql7xBgcQnyhRC6VMxPzEJ.mp3
2RO4aPByijQUqBZhYm1apz,2022,mp3_files/2RO4aPByijQUqBZhYm1apz.mp3
58CQzRbg1vN2sXCppJlUjp,2023,mp3_files/58CQzRbg1vN2sXCppJlUjp.mp3
3Nj29a54wycMRNzTiHfb2e,2023,mp3_files/3Nj29a54wycMRNzTiHfb2e.mp3
5eTaQYBE1yrActixMAeLcZ,2023,mp3_files/5eTaQYBE1yrActixMAeLcZ.mp3
31jl0ND3gTXUu9uy4J0sc2,2023,mp3_files/31jl0ND3gTXUu9uy4J0sc2.mp3
5Q967UCPfCsQeEgFhT1umT,2023,mp3_files/5Q967UCPfCsQeEgFhT1umT.mp3
7dMWVi0BN7BTlVQoRJNmwO,2023,mp3_files/7dMWVi0BN7BTlVQoRJNmwO.mp3
1ULkKtUQyODQheFCYbuXHZ,1996,mp3_files/1ULkKtUQyODQheFCYbuXHZ.mp3
4lXuYj6x2DndhCnpqtN4Sf,1998,mp3_files/4lXuYj6x2DndhCnpqtN4Sf.mp3
6ihbTijFhhzflZaLiBr3rA,2001,mp3_files/6ihbTijFhhzflZaLiBr3rA.mp3
5qmihM8neVAz2wL2bU7UKJ,2004,mp3_files/5qmihM8neVAz2wL2bU7UKJ.mp3
2ayaIcJoJ7mya4OUh6l4dI,2011,mp3_files/2ayaIcJoJ7mya4OUh6l4dI.mp3
0TPUNhbxVA2E05kr1Sihyy,2018,mp3_files/0TPUNhbxVA2E05kr1Sihyy.mp3
45Y2UVAciXBdFCPlqfvmOo,2020,mp3_files/45Y2UVAciXBdFCPlqfvmOo.mp3
216QmkNpU3hIjeZtGocb9B,2020,mp3_files/216QmkNpU3hIjeZtGocb9B.mp3
6Vcxzw4ifKqYxVrp3ckpVF,2021,mp3_files/6Vcxzw4ifKqYxVrp3ckpVF.mp3
4wNyrbY6B2Okii8VeKo2B2,2022,mp3_files/4wNyrbY6B2Okii8VeKo2B2.mp3
6KNw3UKRp3QRsO7Cf4ASVE,2022,mp3_files/6KNw3UKRp3QRsO7Cf4ASVE.mp3
5UPpgOKi0UQMMMSzWWgJJe,2022,mp3_files/5UPpgOKi0UQMMMSzWWgJJe.mp3
3ksg9A1bOcokJkOC9OZYyQ,1991,mp3_files/3ksg9A1bOcokJkOC9OZYyQ.mp3
3E6t2RRYjtGICw6r3gSib1,1998,mp3_files/3E6t2RRYjtGICw6r3gSib1.mp3
6ACaKnMLnhfwTYGtgG1al5,1998,mp3_files/6ACaKnMLnhfwTYGtgG1al5.mp3
5pNfqfGQumhsK55RmjfeED,1998,mp3_files/5pNfqfGQumhsK55RmjfeED.mp3
3q6dzb7l2zJdZCtLi7MvW1,2004,mp3_files/3q6dzb7l2zJdZCtLi7MvW1.mp3
2Nq27QSuOjGZuhCkwdteGM,2005,mp3_files/2Nq27QSuOjGZuhCkwdteGM.mp3
4WqEpeT303RzKiDrxNq5Bv,2006,mp3_files/4WqEpeT303RzKiDrxNq5Bv.mp3
67QQ4Giy1wEX6FqtqY3mPN,2006,mp3_files/67QQ4Giy1wEX6FqtqY3mPN.mp3
3bVfpPoszqs4ICTTA5gQhA,2007,mp3_files/3bVfpPoszqs4ICTTA5gQhA.mp3
3nkDr3W0GlwdI1MPtOwDCY,2007,mp3_files/3nkDr3W0GlwdI1MPtOwDCY.mp3
06ej6ai9EeCwTh8Abi6FDV,2008,mp3_files/06ej6ai9EeCwTh8Abi6FDV.mp3
6nUW58nTxPzJyY4Sb5J1vt,2008,mp3_files/6nUW58nTxPzJyY4Sb5J1vt.mp3
1tgdHGRzpVWE4yQN0wUpdM,2009,mp3_files/1tgdHGRzpVWE4yQN0wUpdM.mp3
1ZFH8eV5Dh8E6N8bipV8vT,2009,mp3_files/1ZFH8eV5Dh8E6N8bipV8vT.mp3
70oMaeXKDwb9LVaKrkF8uF,2010,mp3_files/70oMaeXKDwb9LVaKrkF8uF.mp3
5f8lRFlj2v46cFtIYxM2zj,2011,mp3_files/5f8lRFlj2v46cFtIYxM2zj.mp3
56jLkunjfRBLTyerPw1jhH,2011,mp3_files/56jLkunjfRBLTyerPw1jhH.mp3
0NDjlTPzBe0ivw1O7LoZCL,2012,mp3_files/0NDjlTPzBe0ivw1O7LoZCL.mp3
7rkoxF9IKsrNti5ui1pQtH,2012,mp3_files/7rkoxF9IKsrNti5ui1pQtH.mp3
0qwZE9If14XjsRiP5ibkcP,2012,mp3_files/0qwZE9If14XjsRiP5ibkcP.mp3
7jenJO527jGArhYbUkEkqu,2013,mp3_files/7jenJO527jGArhYbUkEkqu.mp3
1su9FWmWVgf71pqY78k5Ib,2013,mp3_files/1su9FWmWVgf71pqY78k5Ib.mp3
0jMSdLqDvE5HkVkmiTxvcN,2013,mp3_files/0jMSdLqDvE5HkVkmiTxvcN.mp3
3AwXhQWatI5b1sLIhsnOdP,2016,mp3_files/3AwXhQWatI5b1sLIhsnOdP.mp3
6UTDgh5ezazezpAe4HmAos,2018,mp3_files/6UTDgh5ezazezpAe4HmAos.mp3
43yYuYeSOOupBHOkH9pRtF,2018,mp3_files/43yYuYeSOOupBHOkH9pRtF.mp3
3vgmRlBi986YeWV95UNgJ6,2019,mp3_files/3vgmRlBi986YeWV95UNgJ6.mp3
1zyUz3eZ3sytdaR9lfW17q,2019,mp3_files/1zyUz3eZ3sytdaR9lfW17q.mp3
71I3Tqq9fCOSceVpluOqJN,2019,mp3_files/71I3Tqq9fCOSceVpluOqJN.mp3
7cbcrmOKMfbjBxccBjMpph,2022,mp3_files/7cbcrmOKMfbjBxccBjMpph.mp3
5lph5Ohom4uGk7pQDyLPJB,2022,mp3_files/5lph5Ohom4uGk7pQDyLPJB.mp3
2RYAkSuqhJPYMyhQsDlJ2I,2023,mp3_files/2RYAkSuqhJPYMyhQsDlJ2I.mp3
3gUgoLt5p69lJCfCJ7bhLd,2023,mp3_files/3gUgoLt5p69lJCfCJ7bhLd.mp3
6Dpj5zpd4nKpvervwskEBH,2023,mp3_files/6Dpj5zpd4nKpvervwskEBH.mp3
4jF75m5oNgToVIuaD8Y1OA,2023,mp3_files/4jF75m5oNgToVIuaD8Y1OA.mp3
246qLPvm2lY2lRl0QowN5g,2023,mp3_files/246qLPvm2lY2lRl0QowN5g.mp3
7Joe4VCxG4U4QrS2ujvvba,2023,mp3_files/7Joe4VCxG4U4QrS2ujvvba.mp3
1e83AhmZenZjuUGxpFtjcK,2005,mp3_files/1e83AhmZenZjuUGxpFtjcK.mp3
1bSsHUOFmxzNARPujtglaH,2006,mp3_files/1bSsHUOFmxzNARPujtglaH.mp3
3bsvf6hwph9FssL0nVtjcE,2014,mp3_files/3bsvf6hwph9FssL0nVtjcE.mp3
4yq6GA41YEpZWSMThekhHl,2015,mp3_files/4yq6GA41YEpZWSMThekhHl.mp3
3SPihKCBKsie7COadfPXKS,2018,mp3_files/3SPihKCBKsie7COadfPXKS.mp3
3IUu37J3cfh8KH2Xyrj5a5,2019,mp3_files/3IUu37J3cfh8KH2Xyrj5a5.mp3
656vbT8JKkVx7g1yG12L89,2019,mp3_files/656vbT8JKkVx7g1yG12L89.mp3
6pmfgLXdjDGh7yZNJm9UzE,2019,mp3_files/6pmfgLXdjDGh7yZNJm9UzE.mp3
2374M0fQpWi3dLnB54qaLX,1982,mp3_files/2374M0fQpWi3dLnB54qaLX.mp3
7zMadnaXuQyDuhfrPkKfme,1998,mp3_files/7zMadnaXuQyDuhfrPkKfme.mp3
1gsaKZJuYe7R30yFdHo1aw,2000,mp3_files/1gsaKZJuYe7R30yFdHo1aw.mp3
7AlVE4SVUoXpe5L6kO77xE,2003,mp3_files/7AlVE4SVUoXpe5L6kO77xE.mp3
12XVQntifdwWoFuG7wAOCz,2004,mp3_files/12XVQntifdwWoFuG7wAOCz.mp3
2r0XjZHB0kKlC04iS1ZwZx,2004,mp3_files/2r0XjZHB0kKlC04iS1ZwZx.mp3
0899RnJQqNoMM9gO6wSqiR,2005,mp3_files/0899RnJQqNoMM9gO6wSqiR.mp3
5AewanXtizGQ7Dbs8CazIG,2005,mp3_files/5AewanXtizGQ7Dbs8CazIG.mp3
4VeouVb5Mgoqk6cDbxWokx,2006,mp3_files/4VeouVb5Mgoqk6cDbxWokx.mp3
1ipAaiK4JXkGZBBKfirE7C,2007,mp3_files/1ipAaiK4JXkGZBBKfirE7C.mp3
7aRLhyupq4euxoT5lSGHvw,2007,mp3_files/7aRLhyupq4euxoT5lSGHvw.mp3
2OslQezozP9djpdau8Vjh1,2007,mp3_files/2OslQezozP9djpdau8Vjh1.mp3
5Y1cXilxSO9MAkSfnfH7hx,2007,mp3_files/5Y1cXilxSO9MAkSfnfH7hx.mp3
2yUxu3rA3uugNxE6fC9NAV,2010,mp3_files/2yUxu3rA3uugNxE6fC9NAV.mp3
1OMPVXFypKUppHLlLHuZa9,2012,mp3_files/1OMPVXFypKUppHLlLHuZa9.mp3
6yWiq5YirDzbiGSWqS4PNh,2012,mp3_files/6yWiq5YirDzbiGSWqS4PNh.mp3
1N4ixxhbBH1ClnPdTTsRzz,2013,mp3_files/1N4ixxhbBH1ClnPdTTsRzz.mp3
5nJ9ZVmCBVgAQjuuX0EhYK,2014,mp3_files/5nJ9ZVmCBVgAQjuuX0EhYK.mp3
199J8Nvx5oDmOKwAhtt9f1,2014,mp3_files/199J8Nvx5oDmOKwAhtt9f1.mp3
0tMjfEVb0bTpRDnTMT3rzl,2014,mp3_files/0tMjfEVb0bTpRDnTMT3rzl.mp3
1XpblLS50JizDEF78BsrbF,2016,mp3_files/1XpblLS50JizDEF78BsrbF.mp3
0C2yaSWVgCUiiqPyYxSOkd,2018,mp3_files/0C2yaSWVgCUiiqPyYxSOkd.mp3
6uRRwgKQsqDHJjrLvjj9b1,2019,mp3_files/6uRRwgKQsqDHJjrLvjj9b1.mp3
1wfjnuat2Q1Cu26gAFUkkF,2022,mp3_files/1wfjnuat2Q1Cu26gAFUkkF.mp3
4pRyzIxDRTufRiUz8pSXBn,2022,mp3_files/4pRyzIxDRTufRiUz8pSXBn.mp3
0i4XXy3wOWpDHmFIO0jyTC,2023,mp3_files/0i4XXy3wOWpDHmFIO0jyTC.mp3
4wZdslYf0ZRMnOiNw5yroH,2023,mp3_files/4wZdslYf0ZRMnOiNw5yroH.mp3
0ooSj4Umkg2qncHeVlc5cL,2000,mp3_files/0ooSj4Umkg2qncHeVlc5cL.mp3
0zpr01yVgTrjoC2jJgIFMl,2003,mp3_files/0zpr01yVgTrjoC2jJgIFMl.mp3
60JuyJ0igj4F4gIVoDZKpc,2017,mp3_files/60JuyJ0igj4F4gIVoDZKpc.mp3
4UNzmHoH9RtTCwscLP5Gw6,2018,mp3_files/4UNzmHoH9RtTCwscLP5Gw6.mp3
4HBfByhAhzLbv7ttLpqCic,2018,mp3_files/4HBfByhAhzLbv7ttLpqCic.mp3
68tw9lDkK9gUpLeXyq8XDc,2019,mp3_files/68tw9lDkK9gUpLeXyq8XDc.mp3
7DfBKw4PYAar1FXOFLqMFE,2022,mp3_files/7DfBKw4PYAar1FXOFLqMFE.mp3
6rqUOLt9dpfMANLMKTzoWj,1962,mp3_files/6rqUOLt9dpfMANLMKTzoWj.mp3
6g5qyQrAcoBX4X7XjxBoTO,1968,mp3_files/6g5qyQrAcoBX4X7XjxBoTO.mp3
37BTh5g05cxBIRYMbw8g2T,1982,mp3_files/37BTh5g05cxBIRYMbw8g2T.mp3
0Wh6e5EkmQseBGVeJqzC9X,1982,mp3_files/0Wh6e5EkmQseBGVeJqzC9X.mp3
6GKfnB8wQhmCqsHmgDAkN4,1989,mp3_files/6GKfnB8wQhmCqsHmgDAkN4.mp3
5lgjlZSujTErTw7FUoCxj9,1996,mp3_files/5lgjlZSujTErTw7FUoCxj9.mp3
5NFbXrKAou3S8Jg0heGyW8,2003,mp3_files/5NFbXrKAou3S8Jg0heGyW8.mp3
3aXuXjIXG5B2jtlsWKLd1l,2003,mp3_files/3aXuXjIXG5B2jtlsWKLd1l.mp3
2hAoBxrTPuRj8gdJtFVwoq,2004,mp3_files/2hAoBxrTPuRj8gdJtFVwoq.mp3
3OK8lPgSMxSLNEQjzCxQXj,2005,mp3_files/3OK8lPgSMxSLNEQjzCxQXj.mp3
6OPNvqvtQf9QT5zPh8wDk7,2007,mp3_files/6OPNvqvtQf9QT5zPh8wDk7.mp3
1ldSS0nlRkR5kaPWvdl50R,2007,mp3_files/1ldSS0nlRkR5kaPWvdl50R.mp3
1UjnPnV8ua8XL6BulbZmru,2008,mp3_files/1UjnPnV8ua8XL6BulbZmru.mp3
3FrIpgkQ9YBbSu1cYF0eh8,2010,mp3_files/3FrIpgkQ9YBbSu1cYF0eh8.mp3
5dyZEv8xJJBgHePNC1hAY6,2014,mp3_files/5dyZEv8xJJBgHePNC1hAY6.mp3
1cAr5ChUEnuwLd8p4hasxL,2014,mp3_files/1cAr5ChUEnuwLd8p4hasxL.mp3
1dW8VHHYmPbITiGO3dnnLV,2015,mp3_files/1dW8VHHYmPbITiGO3dnnLV.mp3
6UXqgQVQybfpXubil8z3y8,2016,mp3_files/6UXqgQVQybfpXubil8z3y8.mp3
7dLWsN2EwSKeSsPANXClTl,2017,mp3_files/7dLWsN2EwSKeSsPANXClTl.mp3
2ICdvchXmDh5mdLyyL2opB,2017,mp3_files/2ICdvchXmDh5mdLyyL2opB.mp3
0zTrZBHs0DmMDqCbvPy8TK,2018,mp3_files/0zTrZBHs0DmMDqCbvPy8TK.mp3
3LgrzjwX7RVTtAX9Ai12Qm,2018,mp3_files/3LgrzjwX7RVTtAX9Ai12Qm.mp3
1RighqmKZNqLP9rklJ4HCz,2018,mp3_files/1RighqmKZNqLP9rklJ4HCz.mp3
1V7sFEfi6QOFRNCnIM36lK,2018,mp3_files/1V7sFEfi6QOFRNCnIM36lK.mp3
7j50VF5s6GUNeymlIp96iD,2018,mp3_files/7j50VF5s6GUNeymlIp96iD.mp3
5cwApZeKCyHNoNzC3ioZ1l,2019,mp3_files/5cwApZeKCyHNoNzC3ioZ1l.mp3
10iesoGb4mCYTcur1QfdO9,2019,mp3_files/10iesoGb4mCYTcur1QfdO9.mp3
7zzhknA0A39TH81meuX7WA,2019,mp3_files/7zzhknA0A39TH81meuX7WA.mp3
1jb8weRtDmnROWVA2lHHgP,2019,mp3_files/1jb8weRtDmnROWVA2lHHgP.mp3
1Wfe6IKCZDWqKSXNmn2tvt,2019,mp3_files/1Wfe6IKCZDWqKSXNmn2tvt.mp3
1caMoxlA0lk9jDCLCXLEoe,2020,mp3_files/1caMoxlA0lk9jDCLCXLEoe.mp3
3zbZNJ1yewL5HqjvIEjjUD,2020,mp3_files/3zbZNJ1yewL5HqjvIEjjUD.mp3
5f0TOjFP3c96TFHzKnx5ri,2020,mp3_files/5f0TOjFP3c96TFHzKnx5ri.mp3
0nnW6NhQMYtmJSFEZDp9sO,2021,mp3_files/0nnW6NhQMYtmJSFEZDp9sO.mp3
5nE5gmDADdXZ3LwES22kYt,2021,mp3_files/5nE5gmDADdXZ3LwES22kYt.mp3
4Pm7dMCMz3XWjygwlnae7r,2021,mp3_files/4Pm7dMCMz3XWjygwlnae7r.mp3
7A2RNX0JUMC9ZYWl7a5pyC,2022,mp3_files/7A2RNX0JUMC9ZYWl7a5pyC.mp3
32ujt0CBVLsFyQtAhVk7WN,2022,mp3_files/32ujt0CBVLsFyQtAhVk7WN.mp3
7qF4PloG6zW4ILra7Ucquf,2022,mp3_files/7qF4PloG6zW4ILra7Ucquf.mp3
4ZpIuzx91EAPK3VimONbfB,2022,mp3_files/4ZpIuzx91EAPK3VimONbfB.mp3
62u6D0NgRPtFcCdF5rNLeh,2022,mp3_files/62u6D0NgRPtFcCdF5rNLeh.mp3
4uUG5RXrOk84mYEfFvj3cK,2022,mp3_files/4uUG5RXrOk84mYEfFvj3cK.mp3
34IPXYE6DCSSkSM0pUpEGp,2022,mp3_files/34IPXYE6DCSSkSM0pUpEGp.mp3
5yeCYJzFykj421kaSz6htN,2022,mp3_files/5yeCYJzFykj421kaSz6htN.mp3
5JoYol1deGbPmnGmynnrxo,2022,mp3_files/5JoYol1deGbPmnGmynnrxo.mp3
3wC30GiBWJ5t40Yz5hz0MF,2022,mp3_files/3wC30GiBWJ5t40Yz5hz0MF.mp3
1paYMMK7oI0OpN8OuCsgqR,2022,mp3_files/1paYMMK7oI0OpN8OuCsgqR.mp3
6C7mfquUXYvn6Oc0E5wsPN,2023,mp3_files/6C7mfquUXYvn6Oc0E5wsPN.mp3
11mG8zAlXntqPSo3um9kZX,2023,mp3_files/11mG8zAlXntqPSo3um9kZX.mp3
0ZEtm0rEeUByKfCNesbGq1,2023,mp3_files/0ZEtm0rEeUByKfCNesbGq1.mp3
2j1yHPxBBPfz8jgr4eSnp9,2023,mp3_files/2j1yHPxBBPfz8jgr4eSnp9.mp3
5ujI2RJLuU1f6L28PD48Py,2023,mp3_files/5ujI2RJLuU1f6L28PD48Py.mp3
1MC5CFfo7SYbvDnK8SiDjV,2023,mp3_files/1MC5CFfo7SYbvDnK8SiDjV.mp3
6FYwnJ9Qx1EzSXWDGTkueW,1987,mp3_files/6FYwnJ9Qx1EzSXWDGTkueW.mp3
7JFT6vfzNI3Qtyyza6J55R,2000,mp3_files/7JFT6vfzNI3Qtyyza6J55R.mp3
6oprRIQ5Vis7NXtJUPIQ3w,2002,mp3_files/6oprRIQ5Vis7NXtJUPIQ3w.mp3
50CZdNQJWSPI0fz8lraRnq,2003,mp3_files/50CZdNQJWSPI0fz8lraRnq.mp3
3ChV0OY2OMofstepo4uVXy,2004,mp3_files/3ChV0OY2OMofstepo4uVXy.mp3
7unsDj1BtTJMsRvkXMCktQ,2008,mp3_files/7unsDj1BtTJMsRvkXMCktQ.mp3
3ZjUEcxO1JMnDfLtWyHKfV,2013,mp3_files/3ZjUEcxO1JMnDfLtWyHKfV.mp3
65yITjGxvWTNI8oefXFbQU,2014,mp3_files/65yITjGxvWTNI8oefXFbQU.mp3
7HMUSp18RlaBFpBD2yVgel,2015,mp3_files/7HMUSp18RlaBFpBD2yVgel.mp3
1J4RXX9fjPliGlHzvXlKtN,2015,mp3_files/1J4RXX9fjPliGlHzvXlKtN.mp3
3jFtKmNqDyHp27m8lmEANY,2016,mp3_files/3jFtKmNqDyHp27m8lmEANY.mp3
49qQQcd8wONsOy3PwnZKHB,2017,mp3_files/49qQQcd8wONsOy3PwnZKHB.mp3
5LtLPbmvr4ZocOTIIkZjxP,2017,mp3_files/5LtLPbmvr4ZocOTIIkZjxP.mp3
3F4fZBJhv1vhZ02EgKqiNg,2017,mp3_files/3F4fZBJhv1vhZ02EgKqiNg.mp3
2XHskR7UoSK6EbxogqqoPx,2018,mp3_files/2XHskR7UoSK6EbxogqqoPx.mp3
1r9k1L0XKiO7J4VTGNKGiO,2019,mp3_files/1r9k1L0XKiO7J4VTGNKGiO.mp3
2IiIe1zLJg8hDMvKfOvox9,2019,mp3_files/2IiIe1zLJg8hDMvKfOvox9.mp3
7qx03NsIL42jM03zFphnRO,2019,mp3_files/7qx03NsIL42jM03zFphnRO.mp3
5TSZzuNGz6xq5SKKwh2Qld,2020,mp3_files/5TSZzuNGz6xq5SKKwh2Qld.mp3
4WgSFHHJZB9lo5heC4GHDo,2020,mp3_files/4WgSFHHJZB9lo5heC4GHDo.mp3
5Mwwrp4vtCAhExnFFHbwBt,2020,mp3_files/5Mwwrp4vtCAhExnFFHbwBt.mp3
3D29kjUyWxsT3jUUTtARVQ,2022,mp3_files/3D29kjUyWxsT3jUUTtARVQ.mp3
0Nj3j1d0O6PAVfZ1cmw055,2022,mp3_files/0Nj3j1d0O6PAVfZ1cmw055.mp3
27axiMYaZu77nF45ogoTTy,2022,mp3_files/27axiMYaZu77nF45ogoTTy.mp3
6mGwNtvWWyTFtkhPP8AEsX,2023,mp3_files/6mGwNtvWWyTFtkhPP8AEsX.mp3
1see9gS3FrvbHUOSNF88za,2023,mp3_files/1see9gS3FrvbHUOSNF88za.mp3
6qbieXHVuCIIlzi55j6E5i,1980,mp3_files/6qbieXHVuCIIlzi55j6E5i.mp3
6QSwxzWUeF0w4N7qRxonbb,1982,mp3_files/6QSwxzWUeF0w4N7qRxonbb.mp3
43THPstJP6RXLMd7ryXyNf,1984,mp3_files/43THPstJP6RXLMd7ryXyNf.mp3
0gNkBJ8M4S5pKaxEJuQEI5,1985,mp3_files/0gNkBJ8M4S5pKaxEJuQEI5.mp3
1fU9wVDi3yZrawv1Rc4vcS,1985,mp3_files/1fU9wVDi3yZrawv1Rc4vcS.mp3
75rMuRwVOUQ6pyVJsUOY5C,1985,mp3_files/75rMuRwVOUQ6pyVJsUOY5C.mp3
4lI8A7xmuQqGDj28dzelH4,1985,mp3_files/4lI8A7xmuQqGDj28dzelH4.mp3
3dkIE8P7hvl3tHl9KSb6dA,1987,mp3_files/3dkIE8P7hvl3tHl9KSb6dA.mp3
5gZVruN4O0NH5sh53hOdDS,1987,mp3_files/5gZVruN4O0NH5sh53hOdDS.mp3
6Z72pxctVNcw3Zq82VGHpb,1988,mp3_files/6Z72pxctVNcw3Zq82VGHpb.mp3
3joYxf5x8kQv2eEpZg6jCm,1989,mp3_files/3joYxf5x8kQv2eEpZg6jCm.mp3
1jL4dBrmBpkAwxiMFzHulz,1989,mp3_files/1jL4dBrmBpkAwxiMFzHulz.mp3
20RHWjtCLr7ODGQEItdZXg,1989,mp3_files/20RHWjtCLr7ODGQEItdZXg.mp3
29RZaYV4Ar2934c4QCAKeg,1995,mp3_files/29RZaYV4Ar2934c4QCAKeg.mp3
2i3ZEXYOanRZlariHUfSLN,1995,mp3_files/2i3ZEXYOanRZlariHUfSLN.mp3
6HcDiCk1T5Vr914HQsFVeE,1995,mp3_files/6HcDiCk1T5Vr914HQsFVeE.mp3
7CyDzY0OMX3V5KqtxYVMHD,1996,mp3_files/7CyDzY0OMX3V5KqtxYVMHD.mp3
4Lv1Xqqu5vvl3jjiyhGn4j,1997,mp3_files/4Lv1Xqqu5vvl3jjiyhGn4j.mp3
5aRh9MryKg4B8NC1X6DvF1,2000,mp3_files/5aRh9MryKg4B8NC1X6DvF1.mp3
5mF2Kn2J7sFoaPCvBl8qKm,2002,mp3_files/5mF2Kn2J7sFoaPCvBl8qKm.mp3
5XCeCprrLZHLHHmKxYOXq1,2003,mp3_files/5XCeCprrLZHLHHmKxYOXq1.mp3
0jtn9bvqrkb1uKI9SOcLW5,2004,mp3_files/0jtn9bvqrkb1uKI9SOcLW5.mp3
7bneLZnKB9b3j8uHYUnH8Q,2006,mp3_files/7bneLZnKB9b3j8uHYUnH8Q.mp3
0z7ZXj10QgNhvoxGAVqdOT,2006,mp3_files/0z7ZXj10QgNhvoxGAVqdOT.mp3
76AlNvLOw9yZT3qBv8Ln9R,2007,mp3_files/76AlNvLOw9yZT3qBv8Ln9R.mp3
6DWPy0oSLzVEREa6KbGS9V,2007,mp3_files/6DWPy0oSLzVEREa6KbGS9V.mp3
5ZvaHksc9o4AuZVrtOOU0r,2007,mp3_files/5ZvaHksc9o4AuZVrtOOU0r.mp3
0D4gIeyrMtxOAvCWsTHN9x,2008,mp3_files/0D4gIeyrMtxOAvCWsTHN9x.mp3
7lYX5k7u9vrwMOzvI4TzS3,2008,mp3_files/7lYX5k7u9vrwMOzvI4TzS3.mp3
1qPkQp5Q9R0kZYy4qcvRPw,2008,mp3_files/1qPkQp5Q9R0kZYy4qcvRPw.mp3
7sJBx5VyGxbLlhwloGBmyP,2008,mp3_files/7sJBx5VyGxbLlhwloGBmyP.mp3
1P37gwlsx2ghfr8tGzJsRE,2009,mp3_files/1P37gwlsx2ghfr8tGzJsRE.mp3
7q3MflmodGZlOgZ799EpAb,2010,mp3_files/7q3MflmodGZlOgZ799EpAb.mp3
0XKTCQiiJpW9GfQa9eh4Wi,2012,mp3_files/0XKTCQiiJpW9GfQa9eh4Wi.mp3
2Desf0YgquK9YrSkRhkvDN,2013,mp3_files/2Desf0YgquK9YrSkRhkvDN.mp3
4ed6stzg8r1H7szTaW9TJQ,2014,mp3_files/4ed6stzg8r1H7szTaW9TJQ.mp3
1Jj6MF0xDOMA3Ut2Z368Bx,2014,mp3_files/1Jj6MF0xDOMA3Ut2Z368Bx.mp3
3NUnRNjFQfWuAhomkveqq9,2014,mp3_files/3NUnRNjFQfWuAhomkveqq9.mp3
70ja6O2zHaCubR53c4zg0g,2014,mp3_files/70ja6O2zHaCubR53c4zg0g.mp3
3XXd9jqR6IpMtxMmbMuoyn,2015,mp3_files/3XXd9jqR6IpMtxMmbMuoyn.mp3
6IiHR8CKiV1GLs49dQBCq2,2017,mp3_files/6IiHR8CKiV1GLs49dQBCq2.mp3
4aoEEEgpE9rYgEUXnjlGD4,2017,mp3_files/4aoEEEgpE9rYgEUXnjlGD4.mp3
2wPIAbTLGirLSZwv0dndIp,2018,mp3_files/2wPIAbTLGirLSZwv0dndIp.mp3
0WxiQqTcK3ZErx2mMWgtm6,2018,mp3_files/0WxiQqTcK3ZErx2mMWgtm6.mp3
3ITfHO9mLy7rKPRzpIPVlO,2018,mp3_files/3ITfHO9mLy7rKPRzpIPVlO.mp3
0K61sOINxMC8p8yFC2qU30,2018,mp3_files/0K61sOINxMC8p8yFC2qU30.mp3
1k2JIa6nGzLPIg0JLaWnM8,2019,mp3_files/1k2JIa6nGzLPIg0JLaWnM8.mp3
2qmCcm2ceHKQNyO3x4Jlof,2019,mp3_files/2qmCcm2ceHKQNyO3x4Jlof.mp3
03gLWgeDzhkD7gelsF5WqF,2019,mp3_files/03gLWgeDzhkD7gelsF5WqF.mp3
1n7fqc4bQcxIyxZP2IXVbg,2019,mp3_files/1n7fqc4bQcxIyxZP2IXVbg.mp3
3ZnHGaoMCSkCcLGuSmTHrr,2020,mp3_files/3ZnHGaoMCSkCcLGuSmTHrr.mp3
2RClB6YPmUnL74iYaFrLPa,2020,mp3_files/2RClB6YPmUnL74iYaFrLPa.mp3
3RwYjDfwT9b5HnIYcSm1YL,2020,mp3_files/3RwYjDfwT9b5HnIYcSm1YL.mp3
50TIALxJW2k7XntjaVzrt1,2020,mp3_files/50TIALxJW2k7XntjaVzrt1.mp3
3xvLcorzzPujb31Kezljfc,2020,mp3_files/3xvLcorzzPujb31Kezljfc.mp3
4SUywsuljKsUnFm0sE63Mq,2020,mp3_files/4SUywsuljKsUnFm0sE63Mq.mp3
5Bp0dPBbx0DIAtRBvPQeqH,2021,mp3_files/5Bp0dPBbx0DIAtRBvPQeqH.mp3
3mPCozV61t2CENgcBNOyJ8,2021,mp3_files/3mPCozV61t2CENgcBNOyJ8.mp3
2DBpWQ3i7UTAe6v6YZJVgm,2021,mp3_files/2DBpWQ3i7UTAe6v6YZJVgm.mp3
6IaNXeAes27RBP3CiBBwVd,2021,mp3_files/6IaNXeAes27RBP3CiBBwVd.mp3
5B6ES5IUbed17EgLnKhPjI,2021,mp3_files/5B6ES5IUbed17EgLnKhPjI.mp3
36Q6FEUz9G7HfBX7ZWpvtv,2022,mp3_files/36Q6FEUz9G7HfBX7ZWpvtv.mp3
3rBnK1aNhpg4j3HKkVrcbq,2022,mp3_files/3rBnK1aNhpg4j3HKkVrcbq.mp3
0i9RysNKssk6syOrKDX3U2,2022,mp3_files/0i9RysNKssk6syOrKDX3U2.mp3
4VpmtsVKIRfNlmrtaEnrQi,2022,mp3_files/4VpmtsVKIRfNlmrtaEnrQi.mp3
7vVr5S1IiJAnNr1DQ1Pzcx,2022,mp3_files/7vVr5S1IiJAnNr1DQ1Pzcx.mp3
0kbbesgnjlD1Pm1GmTphig,2022,mp3_files/0kbbesgnjlD1Pm1GmTphig.mp3
3Oo0XpUDdm8HNH6YMhkdYa,2022,mp3_files/3Oo0XpUDdm8HNH6YMhkdYa.mp3
2GArWv8wnjIqa4qPoklWYp,2022,mp3_files/2GArWv8wnjIqa4qPoklWYp.mp3
4JqRoPEBOybW70jDGaWVbe,2023,mp3_files/4JqRoPEBOybW70jDGaWVbe.mp3
1JfMbnPXds9jfTvJXGzPqA,2023,mp3_files/1JfMbnPXds9jfTvJXGzPqA.mp3
76uKLoAvr2tHSZPbJHZSmY,2023,mp3_files/76uKLoAvr2tHSZPbJHZSmY.mp3
4dmumSRjH3sZbA4MwqiciC,2023,mp3_files/4dmumSRjH3sZbA4MwqiciC.mp3
3BKD1PwArikchz2Zrlp1qi,2023,mp3_files/3BKD1PwArikchz2Zrlp1qi.mp3
76jd74pjVZT9MlEozWQM5u,1951,mp3_files/76jd74pjVZT9MlEozWQM5u.mp3
5jcS1ZXOYMexs2y88yFnyn,1972,mp3_files/5jcS1ZXOYMexs2y88yFnyn.mp3
3dlZQnkxnxZjTV860ixUHx,1992,mp3_files/3dlZQnkxnxZjTV860ixUHx.mp3
1yi77TrGsSLuR0rKY6TXsq,2001,mp3_files/1yi77TrGsSLuR0rKY6TXsq.mp3
7ooXNiHvxOaVJ8Bfb4hnic,2009,mp3_files/7ooXNiHvxOaVJ8Bfb4hnic.mp3
4iQcMQVb6a92Uh5zF57irM,2009,mp3_files/4iQcMQVb6a92Uh5zF57irM.mp3
4hSS7PrYsr99UgZyC1SQIt,2011,mp3_files/4hSS7PrYsr99UgZyC1SQIt.mp3
2KIUDhvmBGVNJW76YtjJ6C,2011,mp3_files/2KIUDhvmBGVNJW76YtjJ6C.mp3
4szoAieU3gUmaObmgPaTGa,2012,mp3_files/4szoAieU3gUmaObmgPaTGa.mp3
1TzWvpsXhggO68d6FNmanm,2013,mp3_files/1TzWvpsXhggO68d6FNmanm.mp3
56lqGmmNBR4o8L1kJnyQwJ,2014,mp3_files/56lqGmmNBR4o8L1kJnyQwJ.mp3
7esAUuKukAnJ0hqepwB0EB,2014,mp3_files/7esAUuKukAnJ0hqepwB0EB.mp3
7bIPLo0xEPnFvmdmTr258b,2014,mp3_files/7bIPLo0xEPnFvmdmTr258b.mp3
6cflTlWLEr4lykO8jSyWRF,2014,mp3_files/6cflTlWLEr4lykO8jSyWRF.mp3
1l2vmw3WUCRZaVmPMO9TXV,2014,mp3_files/1l2vmw3WUCRZaVmPMO9TXV.mp3
4tko6GvGRI2Ege56DN9QNa,2014,mp3_files/4tko6GvGRI2Ege56DN9QNa.mp3
0Yp7brVJlucNZCkGlvDOr7,2014,mp3_files/0Yp7brVJlucNZCkGlvDOr7.mp3
6LYOEpZALvazO2nUPwJatS,2018,mp3_files/6LYOEpZALvazO2nUPwJatS.mp3
4trWevN28OiAmWa617Zb4N,2022,mp3_files/4trWevN28OiAmWa617Zb4N.mp3
6YJrz5WxB02vFvZZoZFK9t,2023,mp3_files/6YJrz5WxB02vFvZZoZFK9t.mp3
4rsGnKtuQrxMBHQGt1z3FP,2023,mp3_files/4rsGnKtuQrxMBHQGt1z3FP.mp3
1rMX4XuW4KzgYlAyEaDmpO,1964,mp3_files/1rMX4XuW4KzgYlAyEaDmpO.mp3
2MGaxVjCfwk8OA6LHAoY6D,1971,mp3_files/2MGaxVjCfwk8OA6LHAoY6D.mp3
2bIYgswnhjgyBUBZLZ9spH,1989,mp3_files/2bIYgswnhjgyBUBZLZ9spH.mp3
7A3JZum5yfNq9I3TtFVMMt,1995,mp3_files/7A3JZum5yfNq9I3TtFVMMt.mp3
6e0LjNPkRqxIAlmmdjWSV8,2000,mp3_files/6e0LjNPkRqxIAlmmdjWSV8.mp3
5VQw18tYjbltQWFYmI3CPw,2001,mp3_files/5VQw18tYjbltQWFYmI3CPw.mp3
2quLcKfpSNzpnqSnR41MA5,2007,mp3_files/2quLcKfpSNzpnqSnR41MA5.mp3
5oAh4WgAinKO7T7XcHetLR,2007,mp3_files/5oAh4WgAinKO7T7XcHetLR.mp3
5wwcuzze9fCy8rgVd1Sb9t,2008,mp3_files/5wwcuzze9fCy8rgVd1Sb9t.mp3
7dn6WQzScfRGpp7XdTiCj0,2015,mp3_files/7dn6WQzScfRGpp7XdTiCj0.mp3
4fwtP5khM1iEoa6BP1QQsX,2016,mp3_files/4fwtP5khM1iEoa6BP1QQsX.mp3
7GzFUAGK2htn9iuSZLL4wf,2017,mp3_files/7GzFUAGK2htn9iuSZLL4wf.mp3
1OyHUkFbeCb6Yn0eUGEyHm,2017,mp3_files/1OyHUkFbeCb6Yn0eUGEyHm.mp3
5sSpZbLh5NHdKgH0gYW4g7,2018,mp3_files/5sSpZbLh5NHdKgH0gYW4g7.mp3
0RUmelKolAJVmKvTCHeXT8,2019,mp3_files/0RUmelKolAJVmKvTCHeXT8.mp3
4hFkSFTNAPvqVZxMmXUgVk,2019,mp3_files/4hFkSFTNAPvqVZxMmXUgVk.mp3
55ZvIhc0jsKvZKPOo0EaOk,2019,mp3_files/55ZvIhc0jsKvZKPOo0EaOk.mp3
5jfvG5UhPE92bhwyJgbKYl,2020,mp3_files/5jfvG5UhPE92bhwyJgbKYl.mp3
4NyrHyQHZer1Rf80d1aleb,2020,mp3_files/4NyrHyQHZer1Rf80d1aleb.mp3
4MQgqO4HollqhSs1Cu9xRR,2021,mp3_files/4MQgqO4HollqhSs1Cu9xRR.mp3
1OWLQ4FQrO13w6ssWgP8tk,2021,mp3_files/1OWLQ4FQrO13w6ssWgP8tk.mp3
4u0dpuvdgKBBGljlKYRkf2,2022,mp3_files/4u0dpuvdgKBBGljlKYRkf2.mp3
2y68STO1ZviqnmzAvZdakw,2022,mp3_files/2y68STO1ZviqnmzAvZdakw.mp3
7B6z0HrxAByztLfgzkoxBw,2022,mp3_files/7B6z0HrxAByztLfgzkoxBw.mp3
7A2DyRIqqelhZ4caPJMaFI,2022,mp3_files/7A2DyRIqqelhZ4caPJMaFI.mp3
22RnplWJzOEoH3qjPxMwTl,2022,mp3_files/22RnplWJzOEoH3qjPxMwTl.mp3
451Ux51tDS9Gi9sh6AZeQ4,2022,mp3_files/451Ux51tDS9Gi9sh6AZeQ4.mp3
0tFY357QKe2GKvjcWA1kxK,2022,mp3_files/0tFY357QKe2GKvjcWA1kxK.mp3
3filG2EHGAidF3zRBBxyj8,2023,mp3_files/3filG2EHGAidF3zRBBxyj8.mp3
6TFQrEE08PznI4meYKFm5I,2023,mp3_files/6TFQrEE08PznI4meYKFm5I.mp3
4UqnizPMBeASbRCQgEgPV0,2023,mp3_files/4UqnizPMBeASbRCQgEgPV0.mp3
1CEjw6vteEMITpEl15WseM,2000,mp3_files/1CEjw6vteEMITpEl15WseM.mp3
7bkF2XCl41sxITMEVfamKq,2000,mp3_files/7bkF2XCl41sxITMEVfamKq.mp3
5fy2WjmAqntlqIYguG9sl9,2001,mp3_files/5fy2WjmAqntlqIYguG9sl9.mp3
04sJ4GGfVm1fVpJvBQGngk,2004,mp3_files/04sJ4GGfVm1fVpJvBQGngk.mp3
5EDDKBAMxFDvG3f7D6v93l,2008,mp3_files/5EDDKBAMxFDvG3f7D6v93l.mp3
4NTdqMKbZI1JPwces4RvTh,2009,mp3_files/4NTdqMKbZI1JPwces4RvTh.mp3
0uziRA46wxFQvNRtArLcZ4,2014,mp3_files/0uziRA46wxFQvNRtArLcZ4.mp3
6dcfeFyqZDe2tWvIApk3EA,2017,mp3_files/6dcfeFyqZDe2tWvIApk3EA.mp3
2WPMvWhUuIC4pV8njHJ788,2017,mp3_files/2WPMvWhUuIC4pV8njHJ788.mp3
2g4XdbZ1SdfCvwEId5DVEB,2018,mp3_files/2g4XdbZ1SdfCvwEId5DVEB.mp3
1DkLOQI3ElXLn8gPg6X6Z6,2018,mp3_files/1DkLOQI3ElXLn8gPg6X6Z6.mp3
5Uccd3JvMsL6QdrjeTH6MJ,2019,mp3_files/5Uccd3JvMsL6QdrjeTH6MJ.mp3
3jscNlg7UbaXiaealjIJjH,2019,mp3_files/3jscNlg7UbaXiaealjIJjH.mp3
78T99JwAa3RdbXoIG06j2q,2019,mp3_files/78T99JwAa3RdbXoIG06j2q.mp3
1S03wiH8BGuduWfjicXBhu,2022,mp3_files/1S03wiH8BGuduWfjicXBhu.mp3
5POonRM9sjr0cFbXPIyN8Q,2022,mp3_files/5POonRM9sjr0cFbXPIyN8Q.mp3
2F34BTKRdbXmcyssj75tQp,2022,mp3_files/2F34BTKRdbXmcyssj75tQp.mp3
0Yg1hSAUgd2AAneReFOVzS,1962,mp3_files/0Yg1hSAUgd2AAneReFOVzS.mp3
0sEOzS1lp4sGGld1jFL5lJ,1965,mp3_files/0sEOzS1lp4sGGld1jFL5lJ.mp3
698iNwweraHkqBXxdPC99q,1968,mp3_files/698iNwweraHkqBXxdPC99q.mp3
3N9Vibj1SwLn4SRtWJVDVO,1978,mp3_files/3N9Vibj1SwLn4SRtWJVDVO.mp3
5uy4BD0WnBUCIRN4gPG0pC,1980,mp3_files/5uy4BD0WnBUCIRN4gPG0pC.mp3
1QZ7Co5mBLhAQf9OFk4ovN,1986,mp3_files/1QZ7Co5mBLhAQf9OFk4ovN.mp3
0rUh26aeSBfDGtzrj0CBit,1987,mp3_files/0rUh26aeSBfDGtzrj0CBit.mp3
1nlG27VjnsZqh5t4PqPcPB,1989,mp3_files/1nlG27VjnsZqh5t4PqPcPB.mp3
4QlC4HmIyo2nO0l0bRrgdm,1996,mp3_files/4QlC4HmIyo2nO0l0bRrgdm.mp3
0iut9zVxaVWE4zI8dqQs63,2002,mp3_files/0iut9zVxaVWE4zI8dqQs63.mp3
7eJdx83TiKsVqAzLFBelMO,2002,mp3_files/7eJdx83TiKsVqAzLFBelMO.mp3
7F0bAdGKdLLuq0DIMjjwIm,2002,mp3_files/7F0bAdGKdLLuq0DIMjjwIm.mp3
3J7V8Wg2wqqCM3tfpBoSne,2005,mp3_files/3J7V8Wg2wqqCM3tfpBoSne.mp3
6OzAXj08hzooP4olZeZJ6E,2010,mp3_files/6OzAXj08hzooP4olZeZJ6E.mp3
27IAyAM2gs9KLyYasnlDhb,2012,mp3_files/27IAyAM2gs9KLyYasnlDhb.mp3
3XI9uJ1Xu8StVkVFcFwa4W,2014,mp3_files/3XI9uJ1Xu8StVkVFcFwa4W.mp3
6l3TPfyNdKLpKR5BWhhCLK,2015,mp3_files/6l3TPfyNdKLpKR5BWhhCLK.mp3
3KIbOIjYc6UKJp6deEfP7R,2015,mp3_files/3KIbOIjYc6UKJp6deEfP7R.mp3
6OMLaVXj0qIxErs21L8fXq,2019,mp3_files/6OMLaVXj0qIxErs21L8fXq.mp3
0BSNo5faX0wBYW4v1Ao9EZ,2020,mp3_files/0BSNo5faX0wBYW4v1Ao9EZ.mp3
3gyoM1fCFd3EA9v2XzdnUK,2020,mp3_files/3gyoM1fCFd3EA9v2XzdnUK.mp3
4KxROnEocA8thSg1sz6gKl,2021,mp3_files/4KxROnEocA8thSg1sz6gKl.mp3
14UoUyJ5opQScau6Iw6G0e,2021,mp3_files/14UoUyJ5opQScau6Iw6G0e.mp3
6Dt6avd8V0rBotNLj9yMy3,2022,mp3_files/6Dt6avd8V0rBotNLj9yMy3.mp3
191MxYhNwpsVCh4Az3fkmK,2022,mp3_files/191MxYhNwpsVCh4Az3fkmK.mp3
2Ttw00lVdt0qm7Um5ss19q,2022,mp3_files/2Ttw00lVdt0qm7Um5ss19q.mp3
6ywP6zNwc3BF9mx2UuNGuL,2022,mp3_files/6ywP6zNwc3BF9mx2UuNGuL.mp3
7lzdwyZsbCeklLtLHU2THl,2022,mp3_files/7lzdwyZsbCeklLtLHU2THl.mp3
5o3NYpBN5rcRtBSSaUGJH4,2023,mp3_files/5o3NYpBN5rcRtBSSaUGJH4.mp3
0uW73cI09ptkOg72o1r7RF,2023,mp3_files/0uW73cI09ptkOg72o1r7RF.mp3
3BvnwJMDF3MxPVGSitA4f3,2023,mp3_files/3BvnwJMDF3MxPVGSitA4f3.mp3
18sI6BcfZWB5z77dSlQjqK,2023,mp3_files/18sI6BcfZWB5z77dSlQjqK.mp3
24B4JQh1WaoVllHGQzjRMr,1996,mp3_files/24B4JQh1WaoVllHGQzjRMr.mp3
75Oxiew9UEAJNgBfemFLPR,2000,mp3_files/75Oxiew9UEAJNgBfemFLPR.mp3
629jpUceKSDgSLVDHdpz9l,2003,mp3_files/629jpUceKSDgSLVDHdpz9l.mp3
1i41OjKkEKVL0VHHNMDJUD,2009,mp3_files/1i41OjKkEKVL0VHHNMDJUD.mp3
2UI4CNjKxIkCZ0g14ckmM9,2012,mp3_files/2UI4CNjKxIkCZ0g14ckmM9.mp3
3sO1sIDfAu1Ve3qtf1DC7U,2013,mp3_files/3sO1sIDfAu1Ve3qtf1DC7U.mp3
74rD7WHLAShBWZaOoajaYZ,2013,mp3_files/74rD7WHLAShBWZaOoajaYZ.mp3
4Xkx0PjYDbqCIMpS0qiPsX,2014,mp3_files/4Xkx0PjYDbqCIMpS0qiPsX.mp3
6ZgjkSHTCAlNldprxfmECs,2014,mp3_files/6ZgjkSHTCAlNldprxfmECs.mp3
6dum0o6DubYSnNJYn4UBAt,2017,mp3_files/6dum0o6DubYSnNJYn4UBAt.mp3
6RLuzPwgmW10FmSz19sTXL,1995,mp3_files/6RLuzPwgmW10FmSz19sTXL.mp3
5A0JnNTjhuvuIQcWD5Pji9,2000,mp3_files/5A0JnNTjhuvuIQcWD5Pji9.mp3
6nXHjgMVXnJGdcsxZQjysO,2005,mp3_files/6nXHjgMVXnJGdcsxZQjysO.mp3
6J7WNOglMvwHXF4QDJ4KjM,2011,mp3_files/6J7WNOglMvwHXF4QDJ4KjM.mp3
4c9Jr4uNgWBORZc5UUiwDz,2013,mp3_files/4c9Jr4uNgWBORZc5UUiwDz.mp3
1TM73fujNDKSpigPLfxCZm,2016,mp3_files/1TM73fujNDKSpigPLfxCZm.mp3
2JAO138j1wJjQ2mmm7aAbP,2019,mp3_files/2JAO138j1wJjQ2mmm7aAbP.mp3
4hdwmvZ5IhBE5QhtxTQkNv,2019,mp3_files/4hdwmvZ5IhBE5QhtxTQkNv.mp3
6sq1r055WT5LvT63JGBSJZ,2020,mp3_files/6sq1r055WT5LvT63JGBSJZ.mp3
3wU34gBKjzcDMxpHlTmihG,2021,mp3_files/3wU34gBKjzcDMxpHlTmihG.mp3
3zxgaONWwTwSWuisr4SV0Q,2022,mp3_files/3zxgaONWwTwSWuisr4SV0Q.mp3
5I7W7mFSWcIWN5LfWR8ElP,2022,mp3_files/5I7W7mFSWcIWN5LfWR8ElP.mp3
2oqpxJAmLqQu9miG5mDKE0,2022,mp3_files/2oqpxJAmLqQu9miG5mDKE0.mp3
1lc4c1UEzP9OI1wknZQDra,2022,mp3_files/1lc4c1UEzP9OI1wknZQDra.mp3
4QZalv8bkM7dVveMkdxlVF,2022,mp3_files/4QZalv8bkM7dVveMkdxlVF.mp3
7pc9YbuOgsBkE9IyELkj7J,2022,mp3_files/7pc9YbuOgsBkE9IyELkj7J.mp3
0iFSiHZQvEQWKs0qzArTy4,2023,mp3_files/0iFSiHZQvEQWKs0qzArTy4.mp3
7lTYyo3pDiHnKpw3qSDBa8,1995,mp3_files/7lTYyo3pDiHnKpw3qSDBa8.mp3
4Qw9NyyIYkgGzcmRnrZPrT,2006,mp3_files/4Qw9NyyIYkgGzcmRnrZPrT.mp3
3Y4HzUg1dQGheNoTqz1BMZ,2009,mp3_files/3Y4HzUg1dQGheNoTqz1BMZ.mp3
1r6y1Sd1PgtVMPj78K8zus,2019,mp3_files/1r6y1Sd1PgtVMPj78K8zus.mp3
4sxcpuwltBEAMfWueaThu5,2020,mp3_files/4sxcpuwltBEAMfWueaThu5.mp3
5S12Ds2RswM2ITC0u1J01f,2021,mp3_files/5S12Ds2RswM2ITC0u1J01f.mp3
4r9u9QK7KOEXgOmt3hs57g,1997,mp3_files/4r9u9QK7KOEXgOmt3hs57g.mp3
4eNR2akrNSKuDAJSJ8qLor,2005,mp3_files/4eNR2akrNSKuDAJSJ8qLor.mp3
15IKPYhUCnAJTJXnyhIPN1,2005,mp3_files/15IKPYhUCnAJTJXnyhIPN1.mp3
0rPCIAnh22OiBTcfH074Sh,2006,mp3_files/0rPCIAnh22OiBTcfH074Sh.mp3
3oEwH1Te8cTwLJXjQfRcbY,2006,mp3_files/3oEwH1Te8cTwLJXjQfRcbY.mp3
4x8VYemzGZi4Bas1unLbKZ,2008,mp3_files/4x8VYemzGZi4Bas1unLbKZ.mp3
4pa6S4KKjWPNfHRSg1jOoL,2008,mp3_files/4pa6S4KKjWPNfHRSg1jOoL.mp3
4OrAUK0Sbu4WNMJFoGbQSn,2009,mp3_files/4OrAUK0Sbu4WNMJFoGbQSn.mp3
0ZNSdBTXnfMQpqguHZoHxl,2010,mp3_files/0ZNSdBTXnfMQpqguHZoHxl.mp3
7sbLEmRs0X4RvKHQ8whfZJ,2011,mp3_files/7sbLEmRs0X4RvKHQ8whfZJ.mp3
3yndKI4zWEyC36BQYrdKBA,2018,mp3_files/3yndKI4zWEyC36BQYrdKBA.mp3
2RgPLOszO0KYOIeA8LxrE6,2019,mp3_files/2RgPLOszO0KYOIeA8LxrE6.mp3
3bCC5fxH6wMAOeCCqMzFLN,2019,mp3_files/3bCC5fxH6wMAOeCCqMzFLN.mp3
2oT2g4vkjRaFOcUtdOf9eg,2019,mp3_files/2oT2g4vkjRaFOcUtdOf9eg.mp3
2WDPXXLSTnfKzHLVpyUFp5,2020,mp3_files/2WDPXXLSTnfKzHLVpyUFp5.mp3
2km8TyuZxULf2rsmasgma4,2020,mp3_files/2km8TyuZxULf2rsmasgma4.mp3
6VOUfCrjmxH62oijWgbC6O,2021,mp3_files/6VOUfCrjmxH62oijWgbC6O.mp3
6do8x6TRYRuX0C3z1fKANX,2022,mp3_files/6do8x6TRYRuX0C3z1fKANX.mp3
17KVmrxWh2gvFSrrC1yRBW,2022,mp3_files/17KVmrxWh2gvFSrrC1yRBW.mp3
2wkudQJBWks0uzciXuIJNF,2022,mp3_files/2wkudQJBWks0uzciXuIJNF.mp3
72xC2ldpqPeFRSyygTrMa0,2022,mp3_files/72xC2ldpqPeFRSyygTrMa0.mp3
6iy0suyeYdyqQ0AEozBVYa,2022,mp3_files/6iy0suyeYdyqQ0AEozBVYa.mp3
0x4apd0yJVkvU7h4JB7a2i,2000,mp3_files/0x4apd0yJVkvU7h4JB7a2i.mp3
6UAOdfOdWSprSGvQAz5wDU,2012,mp3_files/6UAOdfOdWSprSGvQAz5wDU.mp3
0aKBA3rWo1eBw6I9K1wXvg,2023,mp3_files/0aKBA3rWo1eBw6I9K1wXvg.mp3
2fhEKVIAoVEfZPCmHg28AF,2014,mp3_files/2fhEKVIAoVEfZPCmHg28AF.mp3
2NXk38cqDXz1qY6E1ADlKA,2021,mp3_files/2NXk38cqDXz1qY6E1ADlKA.mp3
1ncangkVrHn7tJfx605E2C,1997,mp3_files/1ncangkVrHn7tJfx605E2C.mp3
1Z4w6YamUv4sYZCf8nPT8N,2016,mp3_files/1Z4w6YamUv4sYZCf8nPT8N.mp3
7dJqvusDNhwkkxb9UgKREN,2017,mp3_files/7dJqvusDNhwkkxb9UgKREN.mp3
1E38QFs3MRb9AAM4dWxtI0,2019,mp3_files/1E38QFs3MRb9AAM4dWxtI0.mp3
3bfW2D6xj3mspwxwi3ieyl,2023,mp3_files/3bfW2D6xj3mspwxwi3ieyl.mp3
0d268BFWu28pafIrKt2csy,2013,mp3_files/0d268BFWu28pafIrKt2csy.mp3
3F2cGhJw0Qju3fSolrkXvK,2019,mp3_files/3F2cGhJw0Qju3fSolrkXvK.mp3
2Ftmuw5lJIO8J7GborHjsh,2023,mp3_files/2Ftmuw5lJIO8J7GborHjsh.mp3
4r2HwSAerK0TNpqWsJeeH0,1992,mp3_files/4r2HwSAerK0TNpqWsJeeH0.mp3
1AHH8KXGcTIkFIcK1UYCxG,2001,mp3_files/1AHH8KXGcTIkFIcK1UYCxG.mp3
1YPPT6yAGyA5ktC1LPxJOw,2003,mp3_files/1YPPT6yAGyA5ktC1LPxJOw.mp3
5MKpWKVWNYwm9HQOO0VfZG,2007,mp3_files/5MKpWKVWNYwm9HQOO0VfZG.mp3
76SdXXI996exZt00GiO5Co,2022,mp3_files/76SdXXI996exZt00GiO5Co.mp3
23DUiB0lNRwMVlU46BfbB4,2022,mp3_files/23DUiB0lNRwMVlU46BfbB4.mp3
6wNO2D0n0WeDLFm0V4T5b8,2023,mp3_files/6wNO2D0n0WeDLFm0V4T5b8.mp3
3RKt4BWo6MAmGd9LtlFwrZ,2008,mp3_files/3RKt4BWo6MAmGd9LtlFwrZ.mp3
1IT59rLa3oUTJ3FF9sOUAc,2013,mp3_files/1IT59rLa3oUTJ3FF9sOUAc.mp3
2M1EBFNZjVRJPp5OKEhzAo,2018,mp3_files/2M1EBFNZjVRJPp5OKEhzAo.mp3
6PlZ3T2h2dpoEWKrviNkKS,2022,mp3_files/6PlZ3T2h2dpoEWKrviNkKS.mp3
77qA7VUqdhaAmq1YLznI0I,1994,mp3_files/77qA7VUqdhaAmq1YLznI0I.mp3
7DafSn7qWc2kom3kErYgIB,2004,mp3_files/7DafSn7qWc2kom3kErYgIB.mp3
1TmYttx2ftxF7KnulI3le4,2019,mp3_files/1TmYttx2ftxF7KnulI3le4.mp3
2w5qTNK3kadYOs8pgc2JRM,2023,mp3_files/2w5qTNK3kadYOs8pgc2JRM.mp3
63BT1ZA8NSk0soGSmKQVfq,1999,mp3_files/63BT1ZA8NSk0soGSmKQVfq.mp3
5j5zIg5kSsdwcQJPEmuQDC,2017,mp3_files/5j5zIg5kSsdwcQJPEmuQDC.mp3
19ncRYEjjcGiRQgvqXOExO,1995,mp3_files/19ncRYEjjcGiRQgvqXOExO.mp3
07GkRpJrQwPTEikq485Pdd,1997,mp3_files/07GkRpJrQwPTEikq485Pdd.mp3
7DSlpcnyk02olN6EYxQmNs,2000,mp3_files/7DSlpcnyk02olN6EYxQmNs.mp3
12m4NzqMFZgFTQ3T1vMnw7,2009,mp3_files/12m4NzqMFZgFTQ3T1vMnw7.mp3
2LqTFkL0PTNPmxituDxkDj,2011,mp3_files/2LqTFkL0PTNPmxituDxkDj.mp3
3Dp54yYXiRL1Hpnozd2FSM,2014,mp3_files/3Dp54yYXiRL1Hpnozd2FSM.mp3
0exteagJTf1VCubYxVPyq8,2014,mp3_files/0exteagJTf1VCubYxVPyq8.mp3
4aie3id34NbdlJEaWNlKyZ,2016,mp3_files/4aie3id34NbdlJEaWNlKyZ.mp3
2uwUrMezC6iNGSCwzeYIPH,2017,mp3_files/2uwUrMezC6iNGSCwzeYIPH.mp3
4ak6Zk4Rkfd1BspXFeG5tv,2018,mp3_files/4ak6Zk4Rkfd1BspXFeG5tv.mp3
7fCYB4aKLTc8Yrrg491Ji6,2018,mp3_files/7fCYB4aKLTc8Yrrg491Ji6.mp3
1Bhm5HNO1cq8olDbBmokyL,2018,mp3_files/1Bhm5HNO1cq8olDbBmokyL.mp3
6P3FBaZfUjeWYExU2ShaPZ,2019,mp3_files/6P3FBaZfUjeWYExU2ShaPZ.mp3
68sk4W59egdZKEXxCL86KG,2019,mp3_files/68sk4W59egdZKEXxCL86KG.mp3
4shrjqLim9lmKV4zYz71cM,2021,mp3_files/4shrjqLim9lmKV4zYz71cM.mp3
1QVJOUGl1L8or594MDDuts,2022,mp3_files/1QVJOUGl1L8or594MDDuts.mp3
3G6gPn5Ux19JYSXkrK34A3,2022,mp3_files/3G6gPn5Ux19JYSXkrK34A3.mp3
5NanqYc5KNVd7NayAbpQ09,2023,mp3_files/5NanqYc5KNVd7NayAbpQ09.mp3
6tXNDAuTgqR2ZvdaGiseXK,2023,mp3_files/6tXNDAuTgqR2ZvdaGiseXK.mp3
5IrSaHFfKuSzG6pv6jWXJS,2023,mp3_files/5IrSaHFfKuSzG6pv6jWXJS.mp3
3zjeCHlhWyJwQDKppjMG1F,2023,mp3_files/3zjeCHlhWyJwQDKppjMG1F.mp3
6IZWTHVNit0ajtXwAWDGO9,2023,mp3_files/6IZWTHVNit0ajtXwAWDGO9.mp3
3DDozsIhKdjaOhnEPwn9H3,2001,mp3_files/3DDozsIhKdjaOhnEPwn9H3.mp3
7vM9PYre666so0kS0IBEhJ,2018,mp3_files/7vM9PYre666so0kS0IBEhJ.mp3
52FkLw8CzL3jif0P29gNaI,2020,mp3_files/52FkLw8CzL3jif0P29gNaI.mp3
5cqLFudVQryezmVFmmyRJN,2022,mp3_files/5cqLFudVQryezmVFmmyRJN.mp3
4KFLFVDjktOktNwBpJDbyI,1986,mp3_files/4KFLFVDjktOktNwBpJDbyI.mp3
17LZKLjQxH2w67xMa8mWML,1995,mp3_files/17LZKLjQxH2w67xMa8mWML.mp3
6qlpXtA29VcxCNgLWR5IWx,1995,mp3_files/6qlpXtA29VcxCNgLWR5IWx.mp3
4aMJKZCyF3otus1wgHJKS8,1997,mp3_files/4aMJKZCyF3otus1wgHJKS8.mp3
5hc72sC84adO6T3aH0HyFd,1998,mp3_files/5hc72sC84adO6T3aH0HyFd.mp3
3xaH0sMSvmy2AwQnmacZo7,1998,mp3_files/3xaH0sMSvmy2AwQnmacZo7.mp3
13IxjBJnpPGOc2Yfugjt09,1998,mp3_files/13IxjBJnpPGOc2Yfugjt09.mp3
4YkRb6KIi03YSfGuTDJrZG,1999,mp3_files/4YkRb6KIi03YSfGuTDJrZG.mp3
6zZCtw9AERrVu5p33Slx4a,2001,mp3_files/6zZCtw9AERrVu5p33Slx4a.mp3
5MvfuBsMMnzrg5I3rwuUES,2002,mp3_files/5MvfuBsMMnzrg5I3rwuUES.mp3
73O15OI7KZXrLdsjCbY9aq,2005,mp3_files/73O15OI7KZXrLdsjCbY9aq.mp3
0pMTCAkwMLLcOFkTrkZjqo,2005,mp3_files/0pMTCAkwMLLcOFkTrkZjqo.mp3
4Ub2xijzRm11dsEyn0v1OQ,2011,mp3_files/4Ub2xijzRm11dsEyn0v1OQ.mp3
1BSOS9r65aJE9kuqQhhODp,2011,mp3_files/1BSOS9r65aJE9kuqQhhODp.mp3
6wt86KBpW9dZBpGk60GJ4w,2011,mp3_files/6wt86KBpW9dZBpGk60GJ4w.mp3
6qVhtJBVZZ8J4ZeGsmERce,2012,mp3_files/6qVhtJBVZZ8J4ZeGsmERce.mp3
2atf52uk7RIT7IL09sE7jp,2012,mp3_files/2atf52uk7RIT7IL09sE7jp.mp3
32WEg4hh9ndfvairRKwnod,2014,mp3_files/32WEg4hh9ndfvairRKwnod.mp3
0fsjGGhENGu1notSXZYU7m,2016,mp3_files/0fsjGGhENGu1notSXZYU7m.mp3
78cYGQUXUNS5LZuNRzeqk7,2022,mp3_files/78cYGQUXUNS5LZuNRzeqk7.mp3
1UwFf3cDVbhRnIKDBwLmCm,2022,mp3_files/1UwFf3cDVbhRnIKDBwLmCm.mp3
6KcDehjd40yluFhg7EO9hp,2022,mp3_files/6KcDehjd40yluFhg7EO9hp.mp3
5hGUYAw9wrOpRBank5mIV9,2022,mp3_files/5hGUYAw9wrOpRBank5mIV9.mp3
2gwZ6ZmwlmNQyRgnP8hpO8,2022,mp3_files/2gwZ6ZmwlmNQyRgnP8hpO8.mp3
4AvAnVppYGRWxaO6UQLeIU,2022,mp3_files/4AvAnVppYGRWxaO6UQLeIU.mp3
6xvrIPNACqpyMRRjcuBr7H,2023,mp3_files/6xvrIPNACqpyMRRjcuBr7H.mp3
4yEkxp1EfjN8srcTPqeIjc,2023,mp3_files/4yEkxp1EfjN8srcTPqeIjc.mp3
6GwokJMonhQsnN653VhE1V,2023,mp3_files/6GwokJMonhQsnN653VhE1V.mp3
0pg4HD7aOTTYAbv1zsskFc,2023,mp3_files/0pg4HD7aOTTYAbv1zsskFc.mp3
1qh3qq67ilkG0pe68h74Dj,2023,mp3_files/1qh3qq67ilkG0pe68h74Dj.mp3
1PIHtaW0aFcOd7W8HtiyBm,1995,mp3_files/1PIHtaW0aFcOd7W8HtiyBm.mp3
63FlJNtIl4CLFmTfEtWZtA,2000,mp3_files/63FlJNtIl4CLFmTfEtWZtA.mp3
1K7Z936Yp5AwR0iF3i0p2D,2013,mp3_files/1K7Z936Yp5AwR0iF3i0p2D.mp3
2S8wxDFED8PAo4ZqhyMRh2,2019,mp3_files/2S8wxDFED8PAo4ZqhyMRh2.mp3
3ux4Cxmi7ABEHEmdCeIjkU,2023,mp3_files/3ux4Cxmi7ABEHEmdCeIjkU.mp3
00pcolwO8c6vOxOUwpZ0QM,2023,mp3_files/00pcolwO8c6vOxOUwpZ0QM.mp3
4aGR9j353BmUeFCsUv3yXn,2023,mp3_files/4aGR9j353BmUeFCsUv3yXn.mp3
1GeszH3DWCOKwK0d8D5gEZ,1975,mp3_files/1GeszH3DWCOKwK0d8D5gEZ.mp3
60WiEteADDUQKn62YIrlBx,1984,mp3_files/60WiEteADDUQKn62YIrlBx.mp3
1XIuwgrZsB0FQpad2ZMVYa,1998,mp3_files/1XIuwgrZsB0FQpad2ZMVYa.mp3
0v2cSbA4bBrY82wDYjk1Vt,2002,mp3_files/0v2cSbA4bBrY82wDYjk1Vt.mp3
0HHG5v9DKrvsCuXG1pUJ5p,2002,mp3_files/0HHG5v9DKrvsCuXG1pUJ5p.mp3
1zwJikF2MYUwqcVnqtGxVj,2004,mp3_files/1zwJikF2MYUwqcVnqtGxVj.mp3
2jY4XzyntBSe2ns2EwA2pL,2004,mp3_files/2jY4XzyntBSe2ns2EwA2pL.mp3
4Q2dYJBsg0Z85S7SoutPev,2005,mp3_files/4Q2dYJBsg0Z85S7SoutPev.mp3
4SNHtnHyAbSXgE7vbdblwp,2008,mp3_files/4SNHtnHyAbSXgE7vbdblwp.mp3
5ZavCvwAXhiMBbPhDvQJBr,2008,mp3_files/5ZavCvwAXhiMBbPhDvQJBr.mp3
22DC09tHC5AILdyWTTmVnz,2010,mp3_files/22DC09tHC5AILdyWTTmVnz.mp3
18m3o2kmvnYJn2cCOZ4LD9,2012,mp3_files/18m3o2kmvnYJn2cCOZ4LD9.mp3
2kjD4SuGIWtP9pe3AbMxEC,2012,mp3_files/2kjD4SuGIWtP9pe3AbMxEC.mp3
1t2DuK4AAnNbaiQl7QKFKA,2014,mp3_files/1t2DuK4AAnNbaiQl7QKFKA.mp3
7KcQYUU14y4UGOaHW0r2T5,2014,mp3_files/7KcQYUU14y4UGOaHW0r2T5.mp3
5xLe9JH3qEAojWROKtsoFP,2014,mp3_files/5xLe9JH3qEAojWROKtsoFP.mp3
4nxPE3LD6td52StQgzgQM8,2015,mp3_files/4nxPE3LD6td52StQgzgQM8.mp3
5AEv1r3Dh7KQKOHJX1SFCP,2016,mp3_files/5AEv1r3Dh7KQKOHJX1SFCP.mp3
6dNy4EYkq5JriA4FXk3x2S,2017,mp3_files/6dNy4EYkq5JriA4FXk3x2S.mp3
337NxxJAxClIStxYcu7HNG,2017,mp3_files/337NxxJAxClIStxYcu7HNG.mp3
2imLYhuE0rBYnSrhXDOaRX,2018,mp3_files/2imLYhuE0rBYnSrhXDOaRX.mp3
7sBgU9EM4H7QF8S4q24bAp,2018,mp3_files/7sBgU9EM4H7QF8S4q24bAp.mp3
1N2SkG0JkiiVYPtKktVq0w,2019,mp3_files/1N2SkG0JkiiVYPtKktVq0w.mp3
3t9AQbyfGnVbe3xuTg9PEX,2019,mp3_files/3t9AQbyfGnVbe3xuTg9PEX.mp3
0xfuK0E9xNZsUMqnV72acG,2019,mp3_files/0xfuK0E9xNZsUMqnV72acG.mp3
3ebaeB2BdCEgZmwKv7p2r5,2019,mp3_files/3ebaeB2BdCEgZmwKv7p2r5.mp3
6AtdChoLH3HWoFWmYzS88N,2019,mp3_files/6AtdChoLH3HWoFWmYzS88N.mp3
2hCF9B8oQwQCZMrppbVD7g,2019,mp3_files/2hCF9B8oQwQCZMrppbVD7g.mp3
6Dg8gVIDAru7buEGH1Xb6g,2019,mp3_files/6Dg8gVIDAru7buEGH1Xb6g.mp3
6KN46j8hWDU8TTYfJkOvPU,2020,mp3_files/6KN46j8hWDU8TTYfJkOvPU.mp3
32XrWifbbjOTP4djnHM11J,2020,mp3_files/32XrWifbbjOTP4djnHM11J.mp3
43WgnZlHdX1CzTePuhYLfr,2020,mp3_files/43WgnZlHdX1CzTePuhYLfr.mp3
4P89bNZVTCmu3zT0IBNLS8,2020,mp3_files/4P89bNZVTCmu3zT0IBNLS8.mp3
7kFbVVOKqqitDEzTrNgvD1,2020,mp3_files/7kFbVVOKqqitDEzTrNgvD1.mp3
73R2AFv1uvr6mNgjmz36wx,2021,mp3_files/73R2AFv1uvr6mNgjmz36wx.mp3
0taw82ovKIdw6kIVdhhVWE,2021,mp3_files/0taw82ovKIdw6kIVdhhVWE.mp3
5GDAYTx60h9MHiofAO5xwQ,2022,mp3_files/5GDAYTx60h9MHiofAO5xwQ.mp3
6OZwia8loN0aPS0vTvsBjR,2022,mp3_files/6OZwia8loN0aPS0vTvsBjR.mp3
7J3cONRfk18KhNX08k8Ydk,2022,mp3_files/7J3cONRfk18KhNX08k8Ydk.mp3
3YG6y6iG8dBhWC7HMYAP83,2022,mp3_files/3YG6y6iG8dBhWC7HMYAP83.mp3
5WFiYXOtO5u45X5mLv6ckW,2022,mp3_files/5WFiYXOtO5u45X5mLv6ckW.mp3
2Qn5U6XjRgqWX1QJGuNq9j,2022,mp3_files/2Qn5U6XjRgqWX1QJGuNq9j.mp3
4e9SMjB91JbqrYDckpjYNC,2022,mp3_files/4e9SMjB91JbqrYDckpjYNC.mp3
1mupMqBj0hOeBQ42TXHoJQ,2022,mp3_files/1mupMqBj0hOeBQ42TXHoJQ.mp3
3ihPJreIS9o5SnJcnhJo6M,2023,mp3_files/3ihPJreIS9o5SnJcnhJo6M.mp3
5calkLSWjQko2da689PKYo,2023,mp3_files/5calkLSWjQko2da689PKYo.mp3
5NEE9NJOdRrKPMhXFB0XFM,2023,mp3_files/5NEE9NJOdRrKPMhXFB0XFM.mp3
7d391WfC0HtftRcetDFQUy,2023,mp3_files/7d391WfC0HtftRcetDFQUy.mp3
7fPM25Phrs4uJhHyuBbVbU,2023,mp3_files/7fPM25Phrs4uJhHyuBbVbU.mp3
5ZSd0dnKTMhjuBjnyyXCWa,2023,mp3_files/5ZSd0dnKTMhjuBjnyyXCWa.mp3
6maobgJ1IUx7o0mHZgnIH2,1990,mp3_files/6maobgJ1IUx7o0mHZgnIH2.mp3
7fPHlQGsVtfOyVU3hQnrYU,1999,mp3_files/7fPHlQGsVtfOyVU3hQnrYU.mp3
5SBePmCKYQUyfq71djPNF8,2005,mp3_files/5SBePmCKYQUyfq71djPNF8.mp3
08T5wMbEnPN8ghT8o24KY6,2011,mp3_files/08T5wMbEnPN8ghT8o24KY6.mp3
78R2ykINPnIYzQqCg5Kbys,2013,mp3_files/78R2ykINPnIYzQqCg5Kbys.mp3
0khmGOdZlWxnB6hKLeE2y4,2015,mp3_files/0khmGOdZlWxnB6hKLeE2y4.mp3
2bMocJclgbsdzP7W3i0ktl,2017,mp3_files/2bMocJclgbsdzP7W3i0ktl.mp3
0RE4crnT3jRms1xxVlEZx2,2018,mp3_files/0RE4crnT3jRms1xxVlEZx2.mp3
5tsAXJsDCzJL9mOLW09xX0,2018,mp3_files/5tsAXJsDCzJL9mOLW09xX0.mp3
2GsQgJ0xNluMnPOvCh851b,2019,mp3_files/2GsQgJ0xNluMnPOvCh851b.mp3
6nWh3ux98nOdW3D87E8wAP,2019,mp3_files/6nWh3ux98nOdW3D87E8wAP.mp3
3AWHbKjcbV9rfwQa8W5BOh,2019,mp3_files/3AWHbKjcbV9rfwQa8W5BOh.mp3
3KQLmecwyKuzu8WTjNA0HQ,2020,mp3_files/3KQLmecwyKuzu8WTjNA0HQ.mp3
2wQt5updiOTtTLe25QlW5O,2020,mp3_files/2wQt5updiOTtTLe25QlW5O.mp3
19EZ9PFgJM0xh2Ruld9z2F,2022,mp3_files/19EZ9PFgJM0xh2Ruld9z2F.mp3
28BrL5qDAjKcTuX8CXSyNi,2022,mp3_files/28BrL5qDAjKcTuX8CXSyNi.mp3
0TxcB2trffQzvMhrsEDayr,2023,mp3_files/0TxcB2trffQzvMhrsEDayr.mp3
2R74dmEQErqz5sSDdNnNFo,2023,mp3_files/2R74dmEQErqz5sSDdNnNFo.mp3
4lJKn6cDD3vpZrcg6oVTr1,1972,mp3_files/4lJKn6cDD3vpZrcg6oVTr1.mp3
5ArboR4WpgNf6bClJA8Xiw,1977,mp3_files/5ArboR4WpgNf6bClJA8Xiw.mp3
2qHYEIBD2g14bOT2YkZ2Ye,1993,mp3_files/2qHYEIBD2g14bOT2YkZ2Ye.mp3
1IG7yiK7vAUD1bg5wfMmEO,2001,mp3_files/1IG7yiK7vAUD1bg5wfMmEO.mp3
6YsoI20XTe9ko9fpXJXNzZ,2001,mp3_files/6YsoI20XTe9ko9fpXJXNzZ.mp3
3MyUnoqEPeCANpFyLYXBhN,2002,mp3_files/3MyUnoqEPeCANpFyLYXBhN.mp3
6Zihu33czIhCuqNqjlpLzc,2004,mp3_files/6Zihu33czIhCuqNqjlpLzc.mp3
047Gjox3XPfgtrStqfUfoq,2005,mp3_files/047Gjox3XPfgtrStqfUfoq.mp3
2UXjdnCvgGGIXLrAwCVVQT,2005,mp3_files/2UXjdnCvgGGIXLrAwCVVQT.mp3
0GIRUl3YJAGBauaqe10oWm,2006,mp3_files/0GIRUl3YJAGBauaqe10oWm.mp3
6GkstWfHSc8vcy5z71nVyP,2006,mp3_files/6GkstWfHSc8vcy5z71nVyP.mp3
4E8hgGDOwG5CpiEke6qZMT,2007,mp3_files/4E8hgGDOwG5CpiEke6qZMT.mp3
66rDdwF3Z4TCla7I4DFnnO,2008,mp3_files/66rDdwF3Z4TCla7I4DFnnO.mp3
0CsM8VGDi38kusMv3pxyj1,2008,mp3_files/0CsM8VGDi38kusMv3pxyj1.mp3
1tHWmj4f9t1hD9bdQJxCYQ,2008,mp3_files/1tHWmj4f9t1hD9bdQJxCYQ.mp3
6RjXsIBi1qZmzeA2oSoVf7,2008,mp3_files/6RjXsIBi1qZmzeA2oSoVf7.mp3
6VR1rolPThMeYmWqFTbdLo,2010,mp3_files/6VR1rolPThMeYmWqFTbdLo.mp3
3JiUOcDug32xeuECY92vgq,2010,mp3_files/3JiUOcDug32xeuECY92vgq.mp3
5Ai8XBxieq1CR263UdhGdF,2014,mp3_files/5Ai8XBxieq1CR263UdhGdF.mp3
6tNDVXXaYWsBd3Mqhfelvl,2014,mp3_files/6tNDVXXaYWsBd3Mqhfelvl.mp3
7nwfNJPaQO5AEHzoqemoi8,2014,mp3_files/7nwfNJPaQO5AEHzoqemoi8.mp3
0DxsNH6HmaSqTc87E0IHeb,2014,mp3_files/0DxsNH6HmaSqTc87E0IHeb.mp3
5qDANYaii5WWSakbaWlZDs,2016,mp3_files/5qDANYaii5WWSakbaWlZDs.mp3
4S1ZmpEshXG3S0OLdodb1W,2016,mp3_files/4S1ZmpEshXG3S0OLdodb1W.mp3
7vRb9FGGjSag6b563AYTVs,2017,mp3_files/7vRb9FGGjSag6b563AYTVs.mp3
73yB2HMz9zu0VcueZ4P1UU,2017,mp3_files/73yB2HMz9zu0VcueZ4P1UU.mp3
4WBDVbKHiNHmFpPLuBHYdu,2018,mp3_files/4WBDVbKHiNHmFpPLuBHYdu.mp3
7sKDftgGirHWTVFMtJoDoh,2018,mp3_files/7sKDftgGirHWTVFMtJoDoh.mp3
29pfJavzZnywhufFOMkXo4,2019,mp3_files/29pfJavzZnywhufFOMkXo4.mp3
5Oh8sPyFYM4gAR3KmmDH7I,2019,mp3_files/5Oh8sPyFYM4gAR3KmmDH7I.mp3
2U5kSevItDmL0XzSDyemRp,2019,mp3_files/2U5kSevItDmL0XzSDyemRp.mp3
0vetigm1cKD8YvB37KCSHu,2020,mp3_files/0vetigm1cKD8YvB37KCSHu.mp3
3kiTnvHHKipoAwa40GTGGy,2020,mp3_files/3kiTnvHHKipoAwa40GTGGy.mp3
0HOam65TS747Pobhfj8qai,2021,mp3_files/0HOam65TS747Pobhfj8qai.mp3
1EqzKlcCHSp5pVImjg78G9,2022,mp3_files/1EqzKlcCHSp5pVImjg78G9.mp3
6kv2fyvEXjSXlHvZ1JrVan,2022,mp3_files/6kv2fyvEXjSXlHvZ1JrVan.mp3
5Pl4OxV9RGWNMO8MGmAoDP,2022,mp3_files/5Pl4OxV9RGWNMO8MGmAoDP.mp3
4JotkTX7ImmIoQK5gwBIIh,2022,mp3_files/4JotkTX7ImmIoQK5gwBIIh.mp3
5NPFe3DyuXa2BHQkqJ3tXj,2022,mp3_files/5NPFe3DyuXa2BHQkqJ3tXj.mp3
6wriPlx1qGGI7yOrtSGNvY,2022,mp3_files/6wriPlx1qGGI7yOrtSGNvY.mp3
7laUNH4K6ntnJFGOGjjmTu,2022,mp3_files/7laUNH4K6ntnJFGOGjjmTu.mp3
1xs8bOvm3IzEYmcLJVOc34,2022,mp3_files/1xs8bOvm3IzEYmcLJVOc34.mp3
3TkiTCWUiQqmYnWhjF5Nv4,2022,mp3_files/3TkiTCWUiQqmYnWhjF5Nv4.mp3
7BRsuuVUTCZT3y7eWeEDQJ,2022,mp3_files/7BRsuuVUTCZT3y7eWeEDQJ.mp3
7eLgu338mTp5cru9kykW4X,2022,mp3_files/7eLgu338mTp5cru9kykW4X.mp3
6OJMfmLFG1dzlmIAlut8N1,2023,mp3_files/6OJMfmLFG1dzlmIAlut8N1.mp3
0a56zVeImKF2mMSYXbbjhD,2023,mp3_files/0a56zVeImKF2mMSYXbbjhD.mp3
6PdUV3DjQAT4Hk9Hz7UNZ5,2023,mp3_files/6PdUV3DjQAT4Hk9Hz7UNZ5.mp3
4GP7DvuweWXuqTNAdUmnEa,1997,mp3_files/4GP7DvuweWXuqTNAdUmnEa.mp3
6t84yOrkPAouma0bbGGYOO,1998,mp3_files/6t84yOrkPAouma0bbGGYOO.mp3
2XZaBz843U00YVkOJLHtGx,2002,mp3_files/2XZaBz843U00YVkOJLHtGx.mp3
4prNHQCgqVpmGJRulNK4zg,2007,mp3_files/4prNHQCgqVpmGJRulNK4zg.mp3
0l5rSE550QrVceVHcBCiDM,2010,mp3_files/0l5rSE550QrVceVHcBCiDM.mp3
7onB6bl52akanZLRCbKHaq,2013,mp3_files/7onB6bl52akanZLRCbKHaq.mp3
19UirDvRWbwV0CSXZHxcUE,2019,mp3_files/19UirDvRWbwV0CSXZHxcUE.mp3
1MtmXPxXP4ntSjfF5xnOyM,2019,mp3_files/1MtmXPxXP4ntSjfF5xnOyM.mp3
7pwZfpJJBiWdS6k1uCp968,2023,mp3_files/7pwZfpJJBiWdS6k1uCp968.mp3
7DUNj7LZV7jXnbFVoKcCgV,2023,mp3_files/7DUNj7LZV7jXnbFVoKcCgV.mp3
6R1amQo1jKFXxIHH4PWr5v,2023,mp3_files/6R1amQo1jKFXxIHH4PWr5v.mp3
0DVC2pMTkDmkoAW3XyIdYe,1984,mp3_files/0DVC2pMTkDmkoAW3XyIdYe.mp3
2kQOw4QEDxUkuEdeGxDqtc,1987,mp3_files/2kQOw4QEDxUkuEdeGxDqtc.mp3
4BixGe6AcqJU2etTzeh2cN,1990,mp3_files/4BixGe6AcqJU2etTzeh2cN.mp3
0ZuHb82X30zwYP8TVnIi8K,1997,mp3_files/0ZuHb82X30zwYP8TVnIi8K.mp3
616O2jmafiModH0RgonGqf,1999,mp3_files/616O2jmafiModH0RgonGqf.mp3
2QSAj76Ba6aMFX9RlXdUdO,2002,mp3_files/2QSAj76Ba6aMFX9RlXdUdO.mp3
69TlFJClRmbPMuWSb9TTOm,2002,mp3_files/69TlFJClRmbPMuWSb9TTOm.mp3
6SS9OF7qgf1EK2mr1Vmvbs,2004,mp3_files/6SS9OF7qgf1EK2mr1Vmvbs.mp3
2ADQ9VVcMUwZ8KCGqws51k,2006,mp3_files/2ADQ9VVcMUwZ8KCGqws51k.mp3
5iJGhjZWcsqbaHktCZkxHC,2009,mp3_files/5iJGhjZWcsqbaHktCZkxHC.mp3
734dz1YaFITwawPpM25fSt,2010,mp3_files/734dz1YaFITwawPpM25fSt.mp3
6v2rO2OZwbdLduQepA8JJ7,2010,mp3_files/6v2rO2OZwbdLduQepA8JJ7.mp3
5rXo9tbndVEcuJ1R37LZ4K,2011,mp3_files/5rXo9tbndVEcuJ1R37LZ4K.mp3
5VuNL0SPbNT9N4XQTa0Sky,2011,mp3_files/5VuNL0SPbNT9N4XQTa0Sky.mp3
15iJ3XzSgZsYaY77jWkh9K,2011,mp3_files/15iJ3XzSgZsYaY77jWkh9K.mp3
5w8bF2RGgf9PkXEoEl8SSN,2013,mp3_files/5w8bF2RGgf9PkXEoEl8SSN.mp3
1QHfuEyKqH35Qf7iJIl0Wd,2013,mp3_files/1QHfuEyKqH35Qf7iJIl0Wd.mp3
3WqgqqsUkpSCmUQ8NcTe8T,2014,mp3_files/3WqgqqsUkpSCmUQ8NcTe8T.mp3
7AxvbiA33YaRmtLVYBMbIP,2016,mp3_files/7AxvbiA33YaRmtLVYBMbIP.mp3
4XCP4V7cSFLg2nafMxklnb,2017,mp3_files/4XCP4V7cSFLg2nafMxklnb.mp3
6RT4OLXZo6lVyQ50gNdXbN,2017,mp3_files/6RT4OLXZo6lVyQ50gNdXbN.mp3
2trh0T0YlI8MtoikRShsy4,2017,mp3_files/2trh0T0YlI8MtoikRShsy4.mp3
5Y8lc1PFBvS4a6yoLBCocW,2019,mp3_files/5Y8lc1PFBvS4a6yoLBCocW.mp3
52ye3YnY6o4XITA62IzCwI,2019,mp3_files/52ye3YnY6o4XITA62IzCwI.mp3
1G6molgUpUisaYMEeA4zAr,2020,mp3_files/1G6molgUpUisaYMEeA4zAr.mp3
2boYIpJVzkugP7BwAaVzGw,2020,mp3_files/2boYIpJVzkugP7BwAaVzGw.mp3
6lexeDDQ204jGz0xDrUzBt,2021,mp3_files/6lexeDDQ204jGz0xDrUzBt.mp3
7CdUv506PXv7anv5qBnZ4d,2021,mp3_files/7CdUv506PXv7anv5qBnZ4d.mp3
6mq9ndY6awpBNmpLGqUAJV,2021,mp3_files/6mq9ndY6awpBNmpLGqUAJV.mp3
59YJEzPV0v4jiJHpcurklI,2022,mp3_files/59YJEzPV0v4jiJHpcurklI.mp3
1pATaHaOYhL8Z7HNr2LH99,2022,mp3_files/1pATaHaOYhL8Z7HNr2LH99.mp3
1iSOt6GX8Sl6INjr6bH9m6,2022,mp3_files/1iSOt6GX8Sl6INjr6bH9m6.mp3
2fHj1WhbOxuceEzJJNnPTQ,2022,mp3_files/2fHj1WhbOxuceEzJJNnPTQ.mp3
0NgMPHAl54UN9XrKGH6sFJ,2022,mp3_files/0NgMPHAl54UN9XrKGH6sFJ.mp3
6kotvODHgeUcffIZGRwkqe,2023,mp3_files/6kotvODHgeUcffIZGRwkqe.mp3
5q33mH9sEEdZJyK51d66tu,2023,mp3_files/5q33mH9sEEdZJyK51d66tu.mp3
1FnJheHq9Q9rArgP5Oiq1w,2023,mp3_files/1FnJheHq9Q9rArgP5Oiq1w.mp3
68ADyOddWEijp3NDZRUkia,2023,mp3_files/68ADyOddWEijp3NDZRUkia.mp3
4OOCL2Sfbm6VVy8KrcuTjO,2023,mp3_files/4OOCL2Sfbm6VVy8KrcuTjO.mp3
7sxlv3kB4pS4ue5WIyW9yu,2023,mp3_files/7sxlv3kB4pS4ue5WIyW9yu.mp3
6Km4fDR4J8KGxygCowUdfs,2023,mp3_files/6Km4fDR4J8KGxygCowUdfs.mp3
0KULVVQEKPVL2Ve4g4ri34,2023,mp3_files/0KULVVQEKPVL2Ve4g4ri34.mp3
0b0zIcKGft8yTZv2gqXSxu,2023,mp3_files/0b0zIcKGft8yTZv2gqXSxu.mp3
0Ff6dRcjdx0IdMWbpk5cVV,2000,mp3_files/0Ff6dRcjdx0IdMWbpk5cVV.mp3
3TwAdJ62z9WcMNn7Xl7vQG,2009,mp3_files/3TwAdJ62z9WcMNn7Xl7vQG.mp3
42QbXalFUenFqckLeeJPIF,2010,mp3_files/42QbXalFUenFqckLeeJPIF.mp3
0MWobJTLASCpmQ2a3yrCWJ,2013,mp3_files/0MWobJTLASCpmQ2a3yrCWJ.mp3
2YNZIm68vUeE76SuttAJKJ,2013,mp3_files/2YNZIm68vUeE76SuttAJKJ.mp3
68Mw9GeJ5pZHWKqeGtcIMu,2014,mp3_files/68Mw9GeJ5pZHWKqeGtcIMu.mp3
0jar8rJhEWSybl7KYj3Xye,2016,mp3_files/0jar8rJhEWSybl7KYj3Xye.mp3
796IKYYryVu3Qc4Q4HXLbI,2018,mp3_files/796IKYYryVu3Qc4Q4HXLbI.mp3
4dmElpEJ7mxRYY6SgLgCjl,2019,mp3_files/4dmElpEJ7mxRYY6SgLgCjl.mp3
0uF6Bg5uQSNrjwbEoY5cxF,2020,mp3_files/0uF6Bg5uQSNrjwbEoY5cxF.mp3
2gJuY2L6eCxAfIXdXAWtm5,2020,mp3_files/2gJuY2L6eCxAfIXdXAWtm5.mp3
2G3xrYrlvuYhe9BkvJwybU,2022,mp3_files/2G3xrYrlvuYhe9BkvJwybU.mp3
7iKoxv0vYEDf9C584FjU96,2023,mp3_files/7iKoxv0vYEDf9C584FjU96.mp3
0BJTDQCtldYPks4ItKdfB4,2023,mp3_files/0BJTDQCtldYPks4ItKdfB4.mp3
7iaIUv0kDnWJRXpJjoSUCU,2023,mp3_files/7iaIUv0kDnWJRXpJjoSUCU.mp3
62QQEK5BZPtOw0CvrBe9ho,1978,mp3_files/62QQEK5BZPtOw0CvrBe9ho.mp3
1CgOx7wQjNc3J4PDWpMKV2,1989,mp3_files/1CgOx7wQjNc3J4PDWpMKV2.mp3
49l4Fv41jWi2TGCsPmseKY,1990,mp3_files/49l4Fv41jWi2TGCsPmseKY.mp3
1Gcv4C4s4aJTtm8THwEdFN,2004,mp3_files/1Gcv4C4s4aJTtm8THwEdFN.mp3
4ZuZLQN6wqYAWug5V53pQF,2005,mp3_files/4ZuZLQN6wqYAWug5V53pQF.mp3
1QGduy28tqYqerWEdcgw1z,2005,mp3_files/1QGduy28tqYqerWEdcgw1z.mp3
1K83ljG9bjmQqr5W3G0e3m,2006,mp3_files/1K83ljG9bjmQqr5W3G0e3m.mp3
7vBb8Ls4yNkNah0Lbo5jTY,2009,mp3_files/7vBb8Ls4yNkNah0Lbo5jTY.mp3
6M6jVoM0ULQ2P12iQg1BOc,2010,mp3_files/6M6jVoM0ULQ2P12iQg1BOc.mp3
4s3tOfzI2sZ9DNHQvZZY5H,2014,mp3_files/4s3tOfzI2sZ9DNHQvZZY5H.mp3
0Q81GtBnlD5r2z2J6fo8m6,2016,mp3_files/0Q81GtBnlD5r2z2J6fo8m6.mp3
5JdLUE9D743ob2RtgmVpVx,2016,mp3_files/5JdLUE9D743ob2RtgmVpVx.mp3
7hwdkcVXdn0NjMJHWFtVl8,2018,mp3_files/7hwdkcVXdn0NjMJHWFtVl8.mp3
2FMBEV9B9IGoSczShuY4Mt,2019,mp3_files/2FMBEV9B9IGoSczShuY4Mt.mp3
2KAkkba3PaYFegfmYpUITv,2020,mp3_files/2KAkkba3PaYFegfmYpUITv.mp3
5KURaCww90G5JWY3HAZ5tn,2021,mp3_files/5KURaCww90G5JWY3HAZ5tn.mp3
23ITHe1yTMZyDEq323xClf,2022,mp3_files/23ITHe1yTMZyDEq323xClf.mp3
2y2vRmmX0fZOnNAKEGMFmk,2022,mp3_files/2y2vRmmX0fZOnNAKEGMFmk.mp3
3xrZCGMyXIDqesVz4QwJOL,2023,mp3_files/3xrZCGMyXIDqesVz4QwJOL.mp3
2ihQW4P9ZUhjNJLL7DYz1w,2023,mp3_files/2ihQW4P9ZUhjNJLL7DYz1w.mp3
2fEXHKtaLcmBnrR07xmn8z,1973,mp3_files/2fEXHKtaLcmBnrR07xmn8z.mp3
4ExKZ0pYyu802jKmr6cddt,1987,mp3_files/4ExKZ0pYyu802jKmr6cddt.mp3
7fuV0qMP7cBAApFvleb1T9,1993,mp3_files/7fuV0qMP7cBAApFvleb1T9.mp3
4XDS3I7j87YqcEnI2cVyzG,1995,mp3_files/4XDS3I7j87YqcEnI2cVyzG.mp3
3jPCKU1tGMcKtAn7a9k9GW,2006,mp3_files/3jPCKU1tGMcKtAn7a9k9GW.mp3
1f5RkzhoRnzCO6AzMhkhdY,2007,mp3_files/1f5RkzhoRnzCO6AzMhkhdY.mp3
5WIbtRJF5UssRVroCoNUF0,2012,mp3_files/5WIbtRJF5UssRVroCoNUF0.mp3
1CT6igucC99c7lFx3mrI8K,2013,mp3_files/1CT6igucC99c7lFx3mrI8K.mp3
33COLW0pVVZq6wgR8zK8aj,2014,mp3_files/33COLW0pVVZq6wgR8zK8aj.mp3
1SFkmsya6AYHk9xv3wvz1G,2015,mp3_files/1SFkmsya6AYHk9xv3wvz1G.mp3
0Uy2DEV9vQRFrCg4CLY6wY,2017,mp3_files/0Uy2DEV9vQRFrCg4CLY6wY.mp3
18gJ5bLhq6cfKJefdwzGpj,2021,mp3_files/18gJ5bLhq6cfKJefdwzGpj.mp3
7jy2Oy6bY2FRyBYpvaUS9g,2022,mp3_files/7jy2Oy6bY2FRyBYpvaUS9g.mp3
1FMgXl2LCmBTKNTchLeAhm,2022,mp3_files/1FMgXl2LCmBTKNTchLeAhm.mp3
5uKJiHdlDBz53cM1qZd0yB,2023,mp3_files/5uKJiHdlDBz53cM1qZd0yB.mp3
3l1ImDmnV8ZSiWBFTs2d60,1974,mp3_files/3l1ImDmnV8ZSiWBFTs2d60.mp3
5vuh4FAd5apHmhD85XJOyH,1975,mp3_files/5vuh4FAd5apHmhD85XJOyH.mp3
5tRUaJEc3vwFxvfyE6yvuk,1986,mp3_files/5tRUaJEc3vwFxvfyE6yvuk.mp3
4FeL4ruDVs4LD5JKd2Tk0N,1999,mp3_files/4FeL4ruDVs4LD5JKd2Tk0N.mp3
45gpJxviKRBsQo1lDZ03Xf,2000,mp3_files/45gpJxviKRBsQo1lDZ03Xf.mp3
6IJmRILFspEP80BmmfAv2m,2004,mp3_files/6IJmRILFspEP80BmmfAv2m.mp3
1uRfntbU1RjQfw4JcRnIOL,2005,mp3_files/1uRfntbU1RjQfw4JcRnIOL.mp3
41zrRHYHY72LCf2hzaK18z,2005,mp3_files/41zrRHYHY72LCf2hzaK18z.mp3
4avt9wdU3AuLGSu4GFTsu0,2007,mp3_files/4avt9wdU3AuLGSu4GFTsu0.mp3
3LCup59DMpM3r6fwQsZMYs,2011,mp3_files/3LCup59DMpM3r6fwQsZMYs.mp3
1RHiqaz9MG1tKqJ9ny5Alf,2011,mp3_files/1RHiqaz9MG1tKqJ9ny5Alf.mp3
5WN9rvrv8Sxt9WzNaGXa31,2011,mp3_files/5WN9rvrv8Sxt9WzNaGXa31.mp3
1tw5U9cTqnX8ogrWUbRSQ0,2013,mp3_files/1tw5U9cTqnX8ogrWUbRSQ0.mp3
4xSZWcXvu6w4I3dQyQ7QND,2013,mp3_files/4xSZWcXvu6w4I3dQyQ7QND.mp3
6LxFuAjKARWoTxnvKGzPQF,2014,mp3_files/6LxFuAjKARWoTxnvKGzPQF.mp3
2ReO7imlVVOWilF2W0pZKd,2015,mp3_files/2ReO7imlVVOWilF2W0pZKd.mp3
2La21GqU4fKTQLcfLxTeoz,2015,mp3_files/2La21GqU4fKTQLcfLxTeoz.mp3
5LaNypZh0fQMMy70pClm8d,2015,mp3_files/5LaNypZh0fQMMy70pClm8d.mp3
1IxRD3vXKOcdgLnH3UUYBg,2016,mp3_files/1IxRD3vXKOcdgLnH3UUYBg.mp3
2MYrLPQkD8XcOiDKlscgHR,2016,mp3_files/2MYrLPQkD8XcOiDKlscgHR.mp3
66u5SbUwKrdA2kn9YfUirD,2016,mp3_files/66u5SbUwKrdA2kn9YfUirD.mp3
44XB6uOHQZQAVG9oDeecMz,2017,mp3_files/44XB6uOHQZQAVG9oDeecMz.mp3
2FV8x9Rk4z60pVMlOYssYe,2017,mp3_files/2FV8x9Rk4z60pVMlOYssYe.mp3
3XVoVJP7qJpWFqmrEUeote,2018,mp3_files/3XVoVJP7qJpWFqmrEUeote.mp3
659P5BKQXFa3KQnZUmkDdd,2018,mp3_files/659P5BKQXFa3KQnZUmkDdd.mp3
7gNlaZaMIjRUfnAYd9Dvmt,2019,mp3_files/7gNlaZaMIjRUfnAYd9Dvmt.mp3
29v3zLitppycm8kHydUuag,2019,mp3_files/29v3zLitppycm8kHydUuag.mp3
44hknnFe3DECrNy5h0kK7s,2019,mp3_files/44hknnFe3DECrNy5h0kK7s.mp3
4Ugk4dgmZMxJ122TFwhfFh,2019,mp3_files/4Ugk4dgmZMxJ122TFwhfFh.mp3
1iSzIT6j7be9u0oNTHutRn,2019,mp3_files/1iSzIT6j7be9u0oNTHutRn.mp3
4hCHnvepjWmpP2kgYuEC7d,2020,mp3_files/4hCHnvepjWmpP2kgYuEC7d.mp3
3F1P0QzdXtBz0MXy7KIO5w,2020,mp3_files/3F1P0QzdXtBz0MXy7KIO5w.mp3
0N2efiVO6AXws1R4O8Rhhs,2020,mp3_files/0N2efiVO6AXws1R4O8Rhhs.mp3
7mSzjc45pJeC1UyX7ry3co,2020,mp3_files/7mSzjc45pJeC1UyX7ry3co.mp3
5shtZ4h7uNYO1KrBjVcDml,2021,mp3_files/5shtZ4h7uNYO1KrBjVcDml.mp3
2UUCpcqurJ51m2vWSTuPBH,2021,mp3_files/2UUCpcqurJ51m2vWSTuPBH.mp3
5uVQ3WxVU8CcuRJetFOlz3,2021,mp3_files/5uVQ3WxVU8CcuRJetFOlz3.mp3
1pbtxhWkPk5fbmvWgU9v5O,2021,mp3_files/1pbtxhWkPk5fbmvWgU9v5O.mp3
58FtNfnN5RrJ1ybhWntYuJ,2022,mp3_files/58FtNfnN5RrJ1ybhWntYuJ.mp3
7eUOku4llYDEuY3Jo0PnuV,2022,mp3_files/7eUOku4llYDEuY3Jo0PnuV.mp3
28Jedg7kYNAgpN10eEjvJV,2022,mp3_files/28Jedg7kYNAgpN10eEjvJV.mp3
05LxLrui38KJAD1Ui1yGqN,2022,mp3_files/05LxLrui38KJAD1Ui1yGqN.mp3
0uSjZhPKuYBcObeetfVlpn,2022,mp3_files/0uSjZhPKuYBcObeetfVlpn.mp3
0fMHRijSOV9R7ZmTbCN2GF,2022,mp3_files/0fMHRijSOV9R7ZmTbCN2GF.mp3
048gupABMSEZEm1UEkxbTP,2022,mp3_files/048gupABMSEZEm1UEkxbTP.mp3
3S6gQlWNWtAmz73M8LZKZw,2022,mp3_files/3S6gQlWNWtAmz73M8LZKZw.mp3
0HWtcxx64HK0m75kTGKQUb,2022,mp3_files/0HWtcxx64HK0m75kTGKQUb.mp3
3ZmTRcHunLLCiCa4S7Ndw4,2022,mp3_files/3ZmTRcHunLLCiCa4S7Ndw4.mp3
5uJv78xFutgvPDBWaZrNJc,2022,mp3_files/5uJv78xFutgvPDBWaZrNJc.mp3
2sbUzy7uTChgWrp4EoFPGw,2022,mp3_files/2sbUzy7uTChgWrp4EoFPGw.mp3
57TlKdK0nSo1kB5bzi8qAh,2022,mp3_files/57TlKdK0nSo1kB5bzi8qAh.mp3
0PtV3mp6K54XpudOtyjvr9,2023,mp3_files/0PtV3mp6K54XpudOtyjvr9.mp3
4DHT5FB2rVe1PuJMcgZmg2,2023,mp3_files/4DHT5FB2rVe1PuJMcgZmg2.mp3
31TWH0ExBSFWfQqEmDnLzG,2023,mp3_files/31TWH0ExBSFWfQqEmDnLzG.mp3
0VW89sbCVJaGb4iGeNrOEv,2023,mp3_files/0VW89sbCVJaGb4iGeNrOEv.mp3
0n7r4I54aTWmzM0uyvqWiY,2023,mp3_files/0n7r4I54aTWmzM0uyvqWiY.mp3
2gC3jPD7HwT0jhy9Em5g5p,2023,mp3_files/2gC3jPD7HwT0jhy9Em5g5p.mp3
0NdMo8e9qtwhMsmrkUURHd,2023,mp3_files/0NdMo8e9qtwhMsmrkUURHd.mp3
1jRoXThsV21LQeNdT3tcUn,1998,mp3_files/1jRoXThsV21LQeNdT3tcUn.mp3
6T8JxxGowkAfXH6YfwL2II,2001,mp3_files/6T8JxxGowkAfXH6YfwL2II.mp3
3DgehxFcYGW4kipAOat5Ri,2007,mp3_files/3DgehxFcYGW4kipAOat5Ri.mp3
2RcwqefTH11THzlwJHoS6D,2007,mp3_files/2RcwqefTH11THzlwJHoS6D.mp3
3lAun9V0YdTlCSIEXPvfsY,2008,mp3_files/3lAun9V0YdTlCSIEXPvfsY.mp3
6Xy0TKhM0Ytjt65QuVEN67,2013,mp3_files/6Xy0TKhM0Ytjt65QuVEN67.mp3
0O7j6n6xv3XtsqAqZw0nYM,2013,mp3_files/0O7j6n6xv3XtsqAqZw0nYM.mp3
1QN53ordFgJt3ruAGSXB8l,2015,mp3_files/1QN53ordFgJt3ruAGSXB8l.mp3
2jBleFNl3YK8lyJc1OvxXt,2016,mp3_files/2jBleFNl3YK8lyJc1OvxXt.mp3
5FjxCqGxDEIUMd53gib4gV,2016,mp3_files/5FjxCqGxDEIUMd53gib4gV.mp3
1SpBVFwvj7WsfxOxcQz6Z8,2018,mp3_files/1SpBVFwvj7WsfxOxcQz6Z8.mp3
3U6gSUElhmJXlYxLOp5L8W,2019,mp3_files/3U6gSUElhmJXlYxLOp5L8W.mp3
3zlFCuEpyzrv1r6nbLqxeX,2020,mp3_files/3zlFCuEpyzrv1r6nbLqxeX.mp3
6W6eFyjPnuom7GtUj9UmNX,2020,mp3_files/6W6eFyjPnuom7GtUj9UmNX.mp3
5gHyAV9B3sy3m48nLyq7Ii,2020,mp3_files/5gHyAV9B3sy3m48nLyq7Ii.mp3
1LLvGyC6OfyrE06zrdkZg2,2022,mp3_files/1LLvGyC6OfyrE06zrdkZg2.mp3
5Cc3k4JxdlwWUa5JSCf74H,2023,mp3_files/5Cc3k4JxdlwWUa5JSCf74H.mp3
1V8V3UYeX2Est81MMucvJC,1964,mp3_files/1V8V3UYeX2Est81MMucvJC.mp3
4CeHrAL1fGUi94RIk3Z2H2,1967,mp3_files/4CeHrAL1fGUi94RIk3Z2H2.mp3
3gBxVWoK82VpztyxnOsOCc,1989,mp3_files/3gBxVWoK82VpztyxnOsOCc.mp3
5EvgjXjbPxzDf2dzIB4Xbm,1989,mp3_files/5EvgjXjbPxzDf2dzIB4Xbm.mp3
0tUTOgGou8QUmeC0TBoIbq,1997,mp3_files/0tUTOgGou8QUmeC0TBoIbq.mp3
5SORP4slnCCw58RNIjeQ3l,1998,mp3_files/5SORP4slnCCw58RNIjeQ3l.mp3
0FHJcPgK7UBMUa6hdHLW6m,1999,mp3_files/0FHJcPgK7UBMUa6hdHLW6m.mp3
7xj5SHQRxoGE7CYwXd4yc1,2005,mp3_files/7xj5SHQRxoGE7CYwXd4yc1.mp3
4hvRANmd7uA3snwRxNb7xz,2007,mp3_files/4hvRANmd7uA3snwRxNb7xz.mp3
533u93aPYE9n3s6Tfxe3O3,2009,mp3_files/533u93aPYE9n3s6Tfxe3O3.mp3
4OnWd9bQcVfjo5U63SLTXQ,2010,mp3_files/4OnWd9bQcVfjo5U63SLTXQ.mp3
3wLZLZjKeQQygRsL2AQh2s,2010,mp3_files/3wLZLZjKeQQygRsL2AQh2s.mp3
7IlmHApoMCIv39Z5JRZyrk,2011,mp3_files/7IlmHApoMCIv39Z5JRZyrk.mp3
2Y4QNY0OlR4Zw0fXxBGEEj,2014,mp3_files/2Y4QNY0OlR4Zw0fXxBGEEj.mp3
62JxoYy5bTkk5sD5FKzSoQ,2014,mp3_files/62JxoYy5bTkk5sD5FKzSoQ.mp3
54MFLMtI1lDZXzWCnrL2jo,2015,mp3_files/54MFLMtI1lDZXzWCnrL2jo.mp3
3a9TMd2Yrza6HXqqlfMtfy,2015,mp3_files/3a9TMd2Yrza6HXqqlfMtfy.mp3
4aoAgfP4x6N6pQJIdpZcgz,2016,mp3_files/4aoAgfP4x6N6pQJIdpZcgz.mp3
6QqUx8J1CV5c79lT4ox5Te,2016,mp3_files/6QqUx8J1CV5c79lT4ox5Te.mp3
6tlDUCBVT8S7p9c5aXpXoF,2016,mp3_files/6tlDUCBVT8S7p9c5aXpXoF.mp3
3o9FyxQbCzMsyPLwcr0RIK,2016,mp3_files/3o9FyxQbCzMsyPLwcr0RIK.mp3
7DdyIz0ujbWhkCHtgvCiBh,2017,mp3_files/7DdyIz0ujbWhkCHtgvCiBh.mp3
4rxkcSqMbOaoPIyofEUBZ8,2017,mp3_files/4rxkcSqMbOaoPIyofEUBZ8.mp3
56Y7XMPtjMqwhTbzR0Q8Ol,2017,mp3_files/56Y7XMPtjMqwhTbzR0Q8Ol.mp3
42z3DqNB88hUKzbTQxklxR,2017,mp3_files/42z3DqNB88hUKzbTQxklxR.mp3
1QjKfNGfDuMiVuF8x7cj0R,2018,mp3_files/1QjKfNGfDuMiVuF8x7cj0R.mp3
2EjSObddqmZPzlcoket9WV,2018,mp3_files/2EjSObddqmZPzlcoket9WV.mp3
3YfNvszYpptxYtHhsyBCvO,2018,mp3_files/3YfNvszYpptxYtHhsyBCvO.mp3
79qwid3uZ7CgGQOvCNBsQQ,2019,mp3_files/79qwid3uZ7CgGQOvCNBsQQ.mp3
10luKmtlbA2PO8tH3kurlJ,2020,mp3_files/10luKmtlbA2PO8tH3kurlJ.mp3
5X5xWnr5e7bDpfIXqipcBw,2020,mp3_files/5X5xWnr5e7bDpfIXqipcBw.mp3
6P7E1zwm0nztFViHCIDAmT,2020,mp3_files/6P7E1zwm0nztFViHCIDAmT.mp3
6PbRfvvnsJr6fIi3iunNyn,2020,mp3_files/6PbRfvvnsJr6fIi3iunNyn.mp3
5nNIFYy5dDQo9s3hSOd7xX,2020,mp3_files/5nNIFYy5dDQo9s3hSOd7xX.mp3
2B4B08efdrD6PUoFT5Kyu2,2020,mp3_files/2B4B08efdrD6PUoFT5Kyu2.mp3
06W8pHhUfoCWvIjSEwqQCl,2020,mp3_files/06W8pHhUfoCWvIjSEwqQCl.mp3
108TCF0NVAH4MDYwub3pph,2021,mp3_files/108TCF0NVAH4MDYwub3pph.mp3
0fjpUSqirC8RSOvbSUhDC4,2021,mp3_files/0fjpUSqirC8RSOvbSUhDC4.mp3
0PUVRaTOBUfwWNsX9l8NIY,2021,mp3_files/0PUVRaTOBUfwWNsX9l8NIY.mp3
1Blt2c23sQiAf2yLZwZGxk,2022,mp3_files/1Blt2c23sQiAf2yLZwZGxk.mp3
3aiPORKoKzOdIyuRMq6mTj,2022,mp3_files/3aiPORKoKzOdIyuRMq6mTj.mp3
6hVOBUdubnXycTHmwBjkUO,2022,mp3_files/6hVOBUdubnXycTHmwBjkUO.mp3
6FDJmxbrJLBM1ODvP1I3MU,2022,mp3_files/6FDJmxbrJLBM1ODvP1I3MU.mp3
3aiOu3VFNOD9omIGG7nSq1,2022,mp3_files/3aiOu3VFNOD9omIGG7nSq1.mp3
0gvwJ6RNxBu0HvpVn72u6E,2022,mp3_files/0gvwJ6RNxBu0HvpVn72u6E.mp3
3kBGCpqIHfDcwAizgt90ro,2022,mp3_files/3kBGCpqIHfDcwAizgt90ro.mp3
0cz7pnpGaZFpiyNxsAg4Lh,2022,mp3_files/0cz7pnpGaZFpiyNxsAg4Lh.mp3
5T5nYv6QX7Xzp8WAy3tKzs,2022,mp3_files/5T5nYv6QX7Xzp8WAy3tKzs.mp3
7AiDWR9a1nCsIK3YRcPtcM,2023,mp3_files/7AiDWR9a1nCsIK3YRcPtcM.mp3
3ad8lFps5ptGmmhC9d64dw,2023,mp3_files/3ad8lFps5ptGmmhC9d64dw.mp3
4serT1J6lu8eTsMMG9VhF8,2023,mp3_files/4serT1J6lu8eTsMMG9VhF8.mp3
0IRLmzxXGUQunV0Bo24T0e,2023,mp3_files/0IRLmzxXGUQunV0Bo24T0e.mp3
1NJeMWSc94oOdtec85NN7W,2023,mp3_files/1NJeMWSc94oOdtec85NN7W.mp3
4DHcnVTT87F0zZhRPYmZ3B,2023,mp3_files/4DHcnVTT87F0zZhRPYmZ3B.mp3
4ozwlxw7XUg7Ryj7ha0Hio,2023,mp3_files/4ozwlxw7XUg7Ryj7ha0Hio.mp3
6R3rjjQzKSwmDffEUHegDE,1964,mp3_files/6R3rjjQzKSwmDffEUHegDE.mp3
63ztz4aRughrpWDi4mhCQA,1968,mp3_files/63ztz4aRughrpWDi4mhCQA.mp3
3O2CJEVoOfVcwnXIq4PkNm,1992,mp3_files/3O2CJEVoOfVcwnXIq4PkNm.mp3
5qrVEJLwzDbASSVcfpMJO4,1995,mp3_files/5qrVEJLwzDbASSVcfpMJO4.mp3
6kFowCmp5RNQhsK8LzC0gp,1995,mp3_files/6kFowCmp5RNQhsK8LzC0gp.mp3
1e8P1UMUIa6sOlX9a4BbNb,2009,mp3_files/1e8P1UMUIa6sOlX9a4BbNb.mp3
0FW5j96fh9UVHR3Z1JZebP,2009,mp3_files/0FW5j96fh9UVHR3Z1JZebP.mp3
4AKG5v3nImdKfSTJYLpLEc,2014,mp3_files/4AKG5v3nImdKfSTJYLpLEc.mp3
0uNbQRIDBIA8ttt9c0ijki,2014,mp3_files/0uNbQRIDBIA8ttt9c0ijki.mp3
6vz6YuwDxfHUJktgCSau7Y,2017,mp3_files/6vz6YuwDxfHUJktgCSau7Y.mp3
0WYNxfmeHtYss2iUaiEDCJ,2017,mp3_files/0WYNxfmeHtYss2iUaiEDCJ.mp3
3GZCULuKsRR4FpnrKFkIe0,2022,mp3_files/3GZCULuKsRR4FpnrKFkIe0.mp3
4FpziZDBquIx4pkYxDTwdz,2022,mp3_files/4FpziZDBquIx4pkYxDTwdz.mp3
5hITohA4cbFvRhCDcyTNlw,2023,mp3_files/5hITohA4cbFvRhCDcyTNlw.mp3
7uedDMiSQYvV2Ej1Ee6NDV,2023,mp3_files/7uedDMiSQYvV2Ej1Ee6NDV.mp3
7kJkOcprlxYBgBuH9SsIKV,2023,mp3_files/7kJkOcprlxYBgBuH9SsIKV.mp3
4dtHzhB0RtbS765Di9DTFu,2023,mp3_files/4dtHzhB0RtbS765Di9DTFu.mp3
3l7j6MfVs5gJ1ff09cxIay,1963,mp3_files/3l7j6MfVs5gJ1ff09cxIay.mp3
5jWaYdEILLzuElA854tfXV,1972,mp3_files/5jWaYdEILLzuElA854tfXV.mp3
2EdqnePuFG7FDPsiy5YGov,1984,mp3_files/2EdqnePuFG7FDPsiy5YGov.mp3
3X9XJLwQPWqRnsNaL9z6ss,1985,mp3_files/3X9XJLwQPWqRnsNaL9z6ss.mp3
4JX3wJVOvUiMqhAe68Vn6z,1991,mp3_files/4JX3wJVOvUiMqhAe68Vn6z.mp3
631aobaJggPYE0nIh3mo2t,2003,mp3_files/631aobaJggPYE0nIh3mo2t.mp3
5LKdAzDeMyMXezSTIHkXcE,2006,mp3_files/5LKdAzDeMyMXezSTIHkXcE.mp3
1swzzNt63DXTl9YZbvmuUn,2011,mp3_files/1swzzNt63DXTl9YZbvmuUn.mp3
0DHidxNlzhVyso7VYHmz3o,2014,mp3_files/0DHidxNlzhVyso7VYHmz3o.mp3
7vsZ6UPqfTeBeJukYTIGDJ,2015,mp3_files/7vsZ6UPqfTeBeJukYTIGDJ.mp3
7Heijexfh44Oad9YiD0DqL,2015,mp3_files/7Heijexfh44Oad9YiD0DqL.mp3
7dXY0BIuVGLCIgjuu2jkrs,2018,mp3_files/7dXY0BIuVGLCIgjuu2jkrs.mp3
1rCCy5IMdMpKv9oqmyOXZf,2019,mp3_files/1rCCy5IMdMpKv9oqmyOXZf.mp3
3A1YBLGTPXBA0mA4Le6Xmb,2019,mp3_files/3A1YBLGTPXBA0mA4Le6Xmb.mp3
5HerMpAegwiAAFOIXNCxED,2019,mp3_files/5HerMpAegwiAAFOIXNCxED.mp3
11Mq1tJwmFOig3BXxjqcQr,2020,mp3_files/11Mq1tJwmFOig3BXxjqcQr.mp3
5NhOdJFms3DKXuitc9rSoL,2020,mp3_files/5NhOdJFms3DKXuitc9rSoL.mp3
7taoYAfDTtuI5dxSBeijUO,2020,mp3_files/7taoYAfDTtuI5dxSBeijUO.mp3
6qZSKNKWyKh0SsP6r2mEef,2021,mp3_files/6qZSKNKWyKh0SsP6r2mEef.mp3
7hw9fHpl79i897B0wOmor8,2021,mp3_files/7hw9fHpl79i897B0wOmor8.mp3
7fsnHdB8abooTvR7bkhWXh,2022,mp3_files/7fsnHdB8abooTvR7bkhWXh.mp3
6AnU4qUHxsE30ejdLDXB80,2022,mp3_files/6AnU4qUHxsE30ejdLDXB80.mp3
7GCm7A124YRmDNOy1WKVc7,2022,mp3_files/7GCm7A124YRmDNOy1WKVc7.mp3
0WoXJsM5EKwhYURKx3p1p2,2022,mp3_files/0WoXJsM5EKwhYURKx3p1p2.mp3
6Xr13TW1uqEeEzHYjmMpWU,2022,mp3_files/6Xr13TW1uqEeEzHYjmMpWU.mp3
6FOcmhnINLjPcsMbbwUzVA,2022,mp3_files/6FOcmhnINLjPcsMbbwUzVA.mp3
4BmNVC7FX30KUhK8n1lZFX,2022,mp3_files/4BmNVC7FX30KUhK8n1lZFX.mp3
3hvDcZONVJbpcVDVtWbgM8,2022,mp3_files/3hvDcZONVJbpcVDVtWbgM8.mp3
5MX4XOzuOC36iSPF6glUgp,2022,mp3_files/5MX4XOzuOC36iSPF6glUgp.mp3
5bOWPM362XpMa8zn6UR9te,2022,mp3_files/5bOWPM362XpMa8zn6UR9te.mp3
16FTTvpIgihyei3EBNw1jd,2023,mp3_files/16FTTvpIgihyei3EBNw1jd.mp3
4KTpVinwOpu0G8rYvuHbCJ,2023,mp3_files/4KTpVinwOpu0G8rYvuHbCJ.mp3
6GttrypZR2MiSnuF4Ei49l,2023,mp3_files/6GttrypZR2MiSnuF4Ei49l.mp3
6iI71ISS7X0T5nHHRYyjG9,2023,mp3_files/6iI71ISS7X0T5nHHRYyjG9.mp3
5UTiSnUdIoay7UkTxdIMhQ,2023,mp3_files/5UTiSnUdIoay7UkTxdIMhQ.mp3
2NrgoKvt52oUq4qufUAoMh,2023,mp3_files/2NrgoKvt52oUq4qufUAoMh.mp3
6sR9M21Bl17LNMs07QSjyb,2023,mp3_files/6sR9M21Bl17LNMs07QSjyb.mp3
5ECN3yzsBiExzh5VLabINw,2023,mp3_files/5ECN3yzsBiExzh5VLabINw.mp3
6kiiplf21KskQ8mvB9XVbG,1966,mp3_files/6kiiplf21KskQ8mvB9XVbG.mp3
7yzUHiCgF7JOzJOFE0Bnpd,2001,mp3_files/7yzUHiCgF7JOzJOFE0Bnpd.mp3
4zXKbHN9FKRTIirYQdMRqI,2001,mp3_files/4zXKbHN9FKRTIirYQdMRqI.mp3
6lEvKrzQ6gtm8uHj1NIJni,2002,mp3_files/6lEvKrzQ6gtm8uHj1NIJni.mp3
13EDwGNMQzzny96gJNa3BM,2008,mp3_files/13EDwGNMQzzny96gJNa3BM.mp3
0cgWTzGYVUWELohSykTxrb,2010,mp3_files/0cgWTzGYVUWELohSykTxrb.mp3
6VKXPG2C2PSuseVx21iYua,2013,mp3_files/6VKXPG2C2PSuseVx21iYua.mp3
0rQbvQpjQ6QeeCAnVRzokf,2019,mp3_files/0rQbvQpjQ6QeeCAnVRzokf.mp3
7ELft1cx8anhsXE405kckI,2022,mp3_files/7ELft1cx8anhsXE405kckI.mp3
5QQKWOwPjG9vcDBTQ5Hv5Q,2022,mp3_files/5QQKWOwPjG9vcDBTQ5Hv5Q.mp3
6sRuRl9gBvEhCifRp8UWJG,2022,mp3_files/6sRuRl9gBvEhCifRp8UWJG.mp3
25OtriOvdlzv3RWmeXCCFG,2023,mp3_files/25OtriOvdlzv3RWmeXCCFG.mp3
021WNt6dqLAGaKjw9MuF2Y,2023,mp3_files/021WNt6dqLAGaKjw9MuF2Y.mp3
4pXWe2ZB6QAu1rVn3IlM3h,2023,mp3_files/4pXWe2ZB6QAu1rVn3IlM3h.mp3
2CLeotsLhEUu0qkj56vbUj,1968,mp3_files/2CLeotsLhEUu0qkj56vbUj.mp3
3nLa7A4lqCBzaVNFWgxAgN,1970,mp3_files/3nLa7A4lqCBzaVNFWgxAgN.mp3
3HkJ0MJ8FZh8YNF4yf2kJc,1975,mp3_files/3HkJ0MJ8FZh8YNF4yf2kJc.mp3
34E0Higz6fFVXlbVsn6TIW,1978,mp3_files/34E0Higz6fFVXlbVsn6TIW.mp3
0qnN7RceovLP58nCY0fdME,1980,mp3_files/0qnN7RceovLP58nCY0fdME.mp3
6AxIQYB4hZhhwyUHTRkThH,2000,mp3_files/6AxIQYB4hZhhwyUHTRkThH.mp3
6VZB0ttlqGjpGMAcaomXh9,2000,mp3_files/6VZB0ttlqGjpGMAcaomXh9.mp3
6WZoVJ9uuYl85N0yEXTWRM,2003,mp3_files/6WZoVJ9uuYl85N0yEXTWRM.mp3
6898KjBwWLdsJUH1Tu9rI7,2006,mp3_files/6898KjBwWLdsJUH1Tu9rI7.mp3
4cPsL4gMcY41y73CUXpYWa,2006,mp3_files/4cPsL4gMcY41y73CUXpYWa.mp3
4hvJuzHCKQG5wl3NyMb7vZ,2008,mp3_files/4hvJuzHCKQG5wl3NyMb7vZ.mp3
0iBuBfrOhxRgOWS0OS5GfP,2010,mp3_files/0iBuBfrOhxRgOWS0OS5GfP.mp3
3s3rT6hNaSvQdW07yHqBcK,2015,mp3_files/3s3rT6hNaSvQdW07yHqBcK.mp3
29aEnbHQT9LLwvM5W4W5Ju,2015,mp3_files/29aEnbHQT9LLwvM5W4W5Ju.mp3
26a8faUxZFqjFItxQnswRk,2016,mp3_files/26a8faUxZFqjFItxQnswRk.mp3
5nOy1wbwjpGTXr3Bk5zI4T,2016,mp3_files/5nOy1wbwjpGTXr3Bk5zI4T.mp3
4hzkZvs13KlWtmUgObqsgY,2017,mp3_files/4hzkZvs13KlWtmUgObqsgY.mp3
55TbdfEpMIMfLSACnBHshw,2019,mp3_files/55TbdfEpMIMfLSACnBHshw.mp3
1y472Lgq4XgGDPeKQQKsPQ,2020,mp3_files/1y472Lgq4XgGDPeKQQKsPQ.mp3
7cjFLy14VVVjqaZdFLVXJ5,2020,mp3_files/7cjFLy14VVVjqaZdFLVXJ5.mp3
1bwhDrXcAtqePp8mNJ0pTe,2021,mp3_files/1bwhDrXcAtqePp8mNJ0pTe.mp3
3MgjAipWXc4s7lccp8l2Co,2021,mp3_files/3MgjAipWXc4s7lccp8l2Co.mp3
28vHFahoOnmCEUpyoGtuMu,2021,mp3_files/28vHFahoOnmCEUpyoGtuMu.mp3
4KygMGienAIklIsqhJEwC5,2022,mp3_files/4KygMGienAIklIsqhJEwC5.mp3
7wZnwgGkwpJ8EYJ6VEJD2A,2022,mp3_files/7wZnwgGkwpJ8EYJ6VEJD2A.mp3
3NQCs0j3xDTabUYxIIm80M,2022,mp3_files/3NQCs0j3xDTabUYxIIm80M.mp3
3PLI39VQCqmce71B0en2SK,2022,mp3_files/3PLI39VQCqmce71B0en2SK.mp3
0ZC0fh2tLQBQGeEGKOC2yM,2022,mp3_files/0ZC0fh2tLQBQGeEGKOC2yM.mp3
2ueb5ufJMmo4QPzut1yD9M,2022,mp3_files/2ueb5ufJMmo4QPzut1yD9M.mp3
6Q2tAQX3NboJDtNRFWO2Nk,2022,mp3_files/6Q2tAQX3NboJDtNRFWO2Nk.mp3
6L62m1qgmRFeNK0PcdU2AQ,2023,mp3_files/6L62m1qgmRFeNK0PcdU2AQ.mp3
17FECd8IneHV65pCJduuse,2023,mp3_files/17FECd8IneHV65pCJduuse.mp3
5H9PjygodoXzyX45g7Pm6n,2023,mp3_files/5H9PjygodoXzyX45g7Pm6n.mp3
1tPVRnwWOBCdhQD2UC5uHw,2023,mp3_files/1tPVRnwWOBCdhQD2UC5uHw.mp3
0aUOoC8yi2GkWEb3styxmO,2023,mp3_files/0aUOoC8yi2GkWEb3styxmO.mp3
2PnOCPd9oZhbLGSzzFf8Ba,2023,mp3_files/2PnOCPd9oZhbLGSzzFf8Ba.mp3
0ak3Rt8IxWVWQENHIrBvfn,2023,mp3_files/0ak3Rt8IxWVWQENHIrBvfn.mp3
0rNww8SMuGZm8GkDWeHtLi,2023,mp3_files/0rNww8SMuGZm8GkDWeHtLi.mp3
377M5cHQ9COyB8i9t3Hval,2023,mp3_files/377M5cHQ9COyB8i9t3Hval.mp3
66TAAKeoOD0cFpVRug9IXZ,2023,mp3_files/66TAAKeoOD0cFpVRug9IXZ.mp3
2f8JQJctq8LZtaq6Hgdgb8,2023,mp3_files/2f8JQJctq8LZtaq6Hgdgb8.mp3
5NWxFc2xocyRyx0sak1H9Z,2001,mp3_files/5NWxFc2xocyRyx0sak1H9Z.mp3
6q1GzmRGFMDmzPLwbYVJE4,2001,mp3_files/6q1GzmRGFMDmzPLwbYVJE4.mp3
4jKicslpJyPfeJRSxbUPQV,2001,mp3_files/4jKicslpJyPfeJRSxbUPQV.mp3
0ZozgJKoZhGJbkAtKzmzzM,2006,mp3_files/0ZozgJKoZhGJbkAtKzmzzM.mp3
32FfL5hpFQdweMkxg8Z55o,2010,mp3_files/32FfL5hpFQdweMkxg8Z55o.mp3
3UYN2SrDHYRodiduwIIHxq,2013,mp3_files/3UYN2SrDHYRodiduwIIHxq.mp3
4qhmktfBtfXGqb7G0GSjW3,2014,mp3_files/4qhmktfBtfXGqb7G0GSjW3.mp3
0R9CHXARoc0sX0FgQctIDd,2023,mp3_files/0R9CHXARoc0sX0FgQctIDd.mp3
3SuOjeljBRqvDEQecwm53o,2023,mp3_files/3SuOjeljBRqvDEQecwm53o.mp3
5ofzziyodcinKtsUghFLHK,1965,mp3_files/5ofzziyodcinKtsUghFLHK.mp3
7Deb4scGmEv4fY2CZcVnSb,1998,mp3_files/7Deb4scGmEv4fY2CZcVnSb.mp3
6KroDlrt97h1Cmicotb9tF,2000,mp3_files/6KroDlrt97h1Cmicotb9tF.mp3
7p0xhzid85Cxuqub9mRJdZ,2007,mp3_files/7p0xhzid85Cxuqub9mRJdZ.mp3
0S4dVpqBLnBFj4wdB4UDMd,2009,mp3_files/0S4dVpqBLnBFj4wdB4UDMd.mp3
6QKPY4hvz9qplBVgLV2u6K,2009,mp3_files/6QKPY4hvz9qplBVgLV2u6K.mp3
3o7hMqnwY1bLS7CFDa102e,2011,mp3_files/3o7hMqnwY1bLS7CFDa102e.mp3
2XVQwcOB1oOlWdho5eHMXh,2012,mp3_files/2XVQwcOB1oOlWdho5eHMXh.mp3
1ctwXQLrWGY67DSxQgnNlt,2018,mp3_files/1ctwXQLrWGY67DSxQgnNlt.mp3
65hdAdd1skq94ecWH4vfJI,2019,mp3_files/65hdAdd1skq94ecWH4vfJI.mp3
4jB8td98pbRVvTqtQ7I3MI,2020,mp3_files/4jB8td98pbRVvTqtQ7I3MI.mp3
2ZpC4XRsRSVpRUO3bZAwgq,2020,mp3_files/2ZpC4XRsRSVpRUO3bZAwgq.mp3
15OcJsnSOuQkSB4KPRje9o,2021,mp3_files/15OcJsnSOuQkSB4KPRje9o.mp3
6pqDGPlxpgY2lSsoxp0sMy,2022,mp3_files/6pqDGPlxpgY2lSsoxp0sMy.mp3
61ysbVJ54Ll4P13qKF1J2S,2022,mp3_files/61ysbVJ54Ll4P13qKF1J2S.mp3
6MzNctuyiIY2XgeiepUux2,2023,mp3_files/6MzNctuyiIY2XgeiepUux2.mp3
0wzYG3c6CaroEAz4wTPNVD,2023,mp3_files/0wzYG3c6CaroEAz4wTPNVD.mp3
2SiAcexM2p1yX6joESbehd,2023,mp3_files/2SiAcexM2p1yX6joESbehd.mp3
0PvDUG18CCUqrVTyK2aGkw,2023,mp3_files/0PvDUG18CCUqrVTyK2aGkw.mp3
5oqVcLrGyMnQHloZtm52hL,2023,mp3_files/5oqVcLrGyMnQHloZtm52hL.mp3
23qAmz8qRMLBFQNYtzxFhw,2023,mp3_files/23qAmz8qRMLBFQNYtzxFhw.mp3
0EReTW8JFj00nBZszTFivN,2023,mp3_files/0EReTW8JFj00nBZszTFivN.mp3
4BKhhCdzdmCIhDd4g6u7GR,2023,mp3_files/4BKhhCdzdmCIhDd4g6u7GR.mp3
14d5gJKVmRqhWw2HWNmWuW,2001,mp3_files/14d5gJKVmRqhWw2HWNmWuW.mp3
0uaVqzoBegeh8lfOzf4uso,2013,mp3_files/0uaVqzoBegeh8lfOzf4uso.mp3
2GO5VSPKLyf9jl4JYXdbBL,2020,mp3_files/2GO5VSPKLyf9jl4JYXdbBL.mp3
0DMQwNGCiSzLB2HsfHNAtb,2022,mp3_files/0DMQwNGCiSzLB2HsfHNAtb.mp3
0ruriS7oaQE0j1NE0AAW3o,2023,mp3_files/0ruriS7oaQE0j1NE0AAW3o.mp3
2cCtyPE0ZgoW9qWcI8YUvU,1972,mp3_files/2cCtyPE0ZgoW9qWcI8YUvU.mp3
3MzqZDQInpsxboLy33uMct,1984,mp3_files/3MzqZDQInpsxboLy33uMct.mp3
2IH0xiev3ZcA8BdQ5WYrj9,1986,mp3_files/2IH0xiev3ZcA8BdQ5WYrj9.mp3
0vTRJ32D1tg11WnXc0CIq9,2006,mp3_files/0vTRJ32D1tg11WnXc0CIq9.mp3
0PIfOLEp3m0SL9lGz88Pix,2009,mp3_files/0PIfOLEp3m0SL9lGz88Pix.mp3
55txN6pmN5RAOjGPnINMlg,2015,mp3_files/55txN6pmN5RAOjGPnINMlg.mp3
5gJhdN5Z7xkTYjIU6Arlno,2017,mp3_files/5gJhdN5Z7xkTYjIU6Arlno.mp3
3JzmnaE1HWfRqaT9uCjpa1,2017,mp3_files/3JzmnaE1HWfRqaT9uCjpa1.mp3
7DtpLFH6FRzxruzio21dmZ,2017,mp3_files/7DtpLFH6FRzxruzio21dmZ.mp3
0SC4BgwHWNi6cbjeIIqMjM,2019,mp3_files/0SC4BgwHWNi6cbjeIIqMjM.mp3
2amrInRmNzmt4Etb6Yn1er,2019,mp3_files/2amrInRmNzmt4Etb6Yn1er.mp3
69I4Eynuxdj6LEmpvG56u6,2020,mp3_files/69I4Eynuxdj6LEmpvG56u6.mp3
5d1fRuGL7Vz0TNu8OSS2Fo,2020,mp3_files/5d1fRuGL7Vz0TNu8OSS2Fo.mp3
3UcIv7IH3RFHKOVOAJEgiz,2021,mp3_files/3UcIv7IH3RFHKOVOAJEgiz.mp3
17gkoi8EGPO1XssTOYK5ki,2021,mp3_files/17gkoi8EGPO1XssTOYK5ki.mp3
4iWabHnFMuF7FXVgrSsJqv,2021,mp3_files/4iWabHnFMuF7FXVgrSsJqv.mp3
13Irp51zj01BZu2XtDrnAg,2022,mp3_files/13Irp51zj01BZu2XtDrnAg.mp3
07l0ACRAa7GxsTCkL14ID8,2022,mp3_files/07l0ACRAa7GxsTCkL14ID8.mp3
5Eso3gKNfBTehzyan7nM4e,2023,mp3_files/5Eso3gKNfBTehzyan7nM4e.mp3
3YezPHKA3W9qk4fISAuLul,2023,mp3_files/3YezPHKA3W9qk4fISAuLul.mp3
5qcHNtNeQWSEVTeIwBLwss,1998,mp3_files/5qcHNtNeQWSEVTeIwBLwss.mp3
3RBnF6OEuRbwXZIEPFZdk2,2007,mp3_files/3RBnF6OEuRbwXZIEPFZdk2.mp3
0Qo7NdtGc2pEVCmvJWhW9H,2011,mp3_files/0Qo7NdtGc2pEVCmvJWhW9H.mp3
5YCcEL6h9usr4OUANFIPTu,2014,mp3_files/5YCcEL6h9usr4OUANFIPTu.mp3
5rjHhZb8nSQJZZSIGtt78N,2015,mp3_files/5rjHhZb8nSQJZZSIGtt78N.mp3
4hft7Q7fXqMx31RuIIgTFn,2016,mp3_files/4hft7Q7fXqMx31RuIIgTFn.mp3
54HjqZdYLyQTirAJTieAnx,2016,mp3_files/54HjqZdYLyQTirAJTieAnx.mp3
55cx0LFN5VfmA0X6xBnguF,2020,mp3_files/55cx0LFN5VfmA0X6xBnguF.mp3
7iZVBT6LV32t4l00p73VAw,2020,mp3_files/7iZVBT6LV32t4l00p73VAw.mp3
3RrZrab9B0DwMHOGV8CK2s,2023,mp3_files/3RrZrab9B0DwMHOGV8CK2s.mp3
3OfpwR1gdxutEtmylaf425,2023,mp3_files/3OfpwR1gdxutEtmylaf425.mp3
